<metadata xml:lang="en"><Esri><CreaDate>20131119</CreaDate><CreaTime>10452700</CreaTime><ArcGISFormat>1.0</ArcGISFormat><SyncOnce>FALSE</SyncOnce><DataProperties><lineage><Process Name="Create Streets" ToolSource="C:\Program Files (x86)\ArcGIS\Desktop10.0\ArcToolbox\Toolboxes\Data Management Tools.tbx\CreateFeatureclass" Date="20131119" Time="104527">CreateFeatureclass "Database Connections\Wharton_SDE.sde\Wharton.SDE.Data" Streets POLYLINE 'Database Connections\Carson_SDE.sde\Carson.SDE.Data\Carson.SDE.Streets' DISABLED DISABLED "{B286C06B-0879-11D2-AACA-00C04FA33C20};-450359962737.05 -450359962737.05 10000;#;#;0.001;#;#;IsHighPrecision" # 10000 0 0</Process><Process ToolSource="C:\Program Files (x86)\ArcGIS\Desktop10.0\ArcToolbox\Toolboxes\Data Management Tools.tbx\CalculateField" Date="20140106" Time="154507">CalculateField Streets NAME Null VB #</Process><Process ToolSource="C:\Program Files (x86)\ArcGIS\Desktop10.0\ArcToolbox\Toolboxes\Data Management Tools.tbx\CalculateField" Date="20140106" Time="154528">CalculateField Streets PREFIX Null VB #</Process><Process ToolSource="C:\Program Files (x86)\ArcGIS\Desktop10.0\ArcToolbox\Toolboxes\Data Management Tools.tbx\CalculateField" Date="20140106" Time="154548">CalculateField Streets TYPE Null VB #</Process><Process ToolSource="C:\Program Files (x86)\ArcGIS\Desktop10.0\ArcToolbox\Toolboxes\Data Management Tools.tbx\CalculateField" Date="20140106" Time="154609">CalculateField Streets CLASS_RTE 5 VB #</Process><Process ToolSource="C:\Program Files (x86)\ArcGIS\Desktop10.0\ArcToolbox\Toolboxes\Data Management Tools.tbx\CalculateField" Date="20140106" Time="154727">CalculateField Streets HWY_SYMBOL null VB #</Process><Process ToolSource="C:\Program Files (x86)\ArcGIS\Desktop10.0\ArcToolbox\Toolboxes\Data Management Tools.tbx\CalculateField" Date="20140106" Time="154740">CalculateField Streets PRETYPE null VB #</Process><Process ToolSource="C:\Program Files (x86)\ArcGIS\Desktop10.0\ArcToolbox\Toolboxes\Data Management Tools.tbx\CalculateField" Date="20140106" Time="154826">CalculateField Streets SUFFIX null VB #</Process><Process ToolSource="C:\Program Files (x86)\ArcGIS\Desktop10.0\ArcToolbox\Toolboxes\Data Management Tools.tbx\CalculateField" Date="20140707" Time="082415">CalculateField Streets CLASS_RTE 4 VB #</Process><Process ToolSource="C:\Program Files (x86)\ArcGIS\Desktop10.0\ArcToolbox\Toolboxes\Data Management Tools.tbx\CalculateField" Date="20140707" Time="082448">CalculateField Streets CLASS_RTE 4 VB #</Process><Process ToolSource="C:\Program Files (x86)\ArcGIS\Desktop10.0\ArcToolbox\Toolboxes\Data Management Tools.tbx\CalculateField" Date="20140707" Time="082507">CalculateField Streets CLASS_RTE 4 VB #</Process><Process ToolSource="c:\program files (x86)\arcgis\desktop10.2\ArcToolbox\Toolboxes\Data Management Tools.tbx\CopyFeatures" Date="20140814" Time="120040">CopyFeatures "Database Connections\Wharton_GIS01.sde\Wharton.SDE.Data\Wharton.SDE.Streets" "Database Connections\Wharton_ESRIdb01.sde\WhartonCad.DBO.WhartonCad\WhartonCad.DBO.Streets" # 0 0 0</Process><Process ToolSource="c:\program files (x86)\arcgis\desktop10.2\ArcToolbox\Toolboxes\Data Management Tools.tbx\CopyFeatures" Date="20140821" Time="114508">CopyFeatures C:\Temp\SDEConnections\WhartonCad.sde\WhartonCad.DBO.Data\WhartonCad.DBO.Streets C:\Temp\GDBFiles\WhartonCad.gdb\Streets # 0 0 0</Process><Process ToolSource="c:\program files (x86)\arcgis\desktop10.2\ArcToolbox\Toolboxes\Data Management Tools.tbx\RepairGeometry" Date="20140821" Time="114624">RepairGeometry C:\Temp\GDBFiles\WhartonCad.gdb\Streets DELETE_NULL</Process><Process ToolSource="c:\program files (x86)\arcgis\desktop10.2\ArcToolbox\Toolboxes\Conversion Tools.tbx\FeatureClassToFeatureClass" Date="20140821" Time="115032">FeatureClassToFeatureClass C:\Temp\GDBFiles\WhartonCad.gdb\Streets C:\Temp\SDEConnections\WhartonCad.sde\WhartonCad.DBO.Data Streets # "L_F_ADD "L_F_ADD" true true false 4 Long 0 0 ,First,#,C:\Temp\GDBFiles\WhartonCad.gdb\Streets,L_F_ADD,-1,-1;L_T_ADD "L_T_ADD" true true false 4 Long 0 0 ,First,#,C:\Temp\GDBFiles\WhartonCad.gdb\Streets,L_T_ADD,-1,-1;R_F_ADD "R_F_ADD" true true false 4 Long 0 0 ,First,#,C:\Temp\GDBFiles\WhartonCad.gdb\Streets,R_F_ADD,-1,-1;R_T_ADD "R_T_ADD" true true false 4 Long 0 0 ,First,#,C:\Temp\GDBFiles\WhartonCad.gdb\Streets,R_T_ADD,-1,-1;PREFIX "PREFIX" true true false 2 Text 0 0 ,First,#,C:\Temp\GDBFiles\WhartonCad.gdb\Streets,PREFIX,-1,-1;PRETYPE "PRETYPE" true true false 6 Text 0 0 ,First,#,C:\Temp\GDBFiles\WhartonCad.gdb\Streets,PRETYPE,-1,-1;NAME "NAME" true true false 30 Text 0 0 ,First,#,C:\Temp\GDBFiles\WhartonCad.gdb\Streets,NAME,-1,-1;TYPE "TYPE" true true false 6 Text 0 0 ,First,#,C:\Temp\GDBFiles\WhartonCad.gdb\Streets,TYPE,-1,-1;SUFFIX "SUFFIX" true true false 2 Text 0 0 ,First,#,C:\Temp\GDBFiles\WhartonCad.gdb\Streets,SUFFIX,-1,-1;CLASS_RTE "CLASS_RTE" true true false 1 Text 0 0 ,First,#,C:\Temp\GDBFiles\WhartonCad.gdb\Streets,CLASS_RTE,-1,-1;RAMP_CLASS "RAMP_CLASS" true true false 1 Text 0 0 ,First,#,C:\Temp\GDBFiles\WhartonCad.gdb\Streets,RAMP_CLASS,-1,-1;FROM_ELEV "FROM_ELEV" true true false 4 Long 0 0 ,First,#,C:\Temp\GDBFiles\WhartonCad.gdb\Streets,FROM_ELEV,-1,-1;TO_ELEV "TO_ELEV" true true false 4 Long 0 0 ,First,#,C:\Temp\GDBFiles\WhartonCad.gdb\Streets,TO_ELEV,-1,-1;HWY_TYPE "HWY_TYPE" true true false 1 Text 0 0 ,First,#,C:\Temp\GDBFiles\WhartonCad.gdb\Streets,HWY_TYPE,-1,-1;HWY_SYMBOL "HWY_SYMBOL" true true false 20 Text 0 0 ,First,#,C:\Temp\GDBFiles\WhartonCad.gdb\Streets,HWY_SYMBOL,-1,-1;SPEED_MPH "SPEED_MPH" true true false 4 Long 0 0 ,First,#,C:\Temp\GDBFiles\WhartonCad.gdb\Streets,SPEED_MPH,-1,-1;ZIP_L "ZIP_L" true true false 5 Text 0 0 ,First,#,C:\Temp\GDBFiles\WhartonCad.gdb\Streets,ZIP_L,-1,-1;ZIP_R "ZIP_R" true true false 5 Text 0 0 ,First,#,C:\Temp\GDBFiles\WhartonCad.gdb\Streets,ZIP_R,-1,-1;GEONAME_L "GEONAME_L" true true false 66 Text 0 0 ,First,#,C:\Temp\GDBFiles\WhartonCad.gdb\Streets,GEONAME_L,-1,-1;GEONAME_R "GEONAME_R" true true false 66 Text 0 0 ,First,#,C:\Temp\GDBFiles\WhartonCad.gdb\Streets,GEONAME_R,-1,-1;STATE_L "STATE_L" true true false 2 Text 0 0 ,First,#,C:\Temp\GDBFiles\WhartonCad.gdb\Streets,STATE_L,-1,-1;STATE_R "STATE_R" true true false 2 Text 0 0 ,First,#,C:\Temp\GDBFiles\WhartonCad.gdb\Streets,STATE_R,-1,-1;STATE "STATE" true true false 60 Text 0 0 ,First,#,C:\Temp\GDBFiles\WhartonCad.gdb\Streets,STATE,-1,-1;SHAPE_Length "SHAPE_Length" false true true 8 Double 0 0 ,First,#,C:\Temp\GDBFiles\WhartonCad.gdb\Streets,SHAPE_Length,-1,-1" #</Process><Process ToolSource="c:\program files (x86)\arcgis\desktop10.2\ArcToolbox\Toolboxes\Conversion Tools.tbx\FeatureClassToFeatureClass" Date="20140824" Time="142625">FeatureClassToFeatureClass C:\Temp\SDEConnections\WhartonCad.sde\WhartonCad.DBO.Data\WhartonCad.DBO.Streets C:\Temp\SDEConnections\Wharton_Edit.sde\Whartonedit.DBO.Data Streets # "L_F_ADD "L_F_ADD" true true false 4 Long 0 10 ,First,#,C:\Temp\SDEConnections\WhartonCad.sde\WhartonCad.DBO.Data\WhartonCad.DBO.Streets,L_F_ADD,-1,-1;L_T_ADD "L_T_ADD" true true false 4 Long 0 10 ,First,#,C:\Temp\SDEConnections\WhartonCad.sde\WhartonCad.DBO.Data\WhartonCad.DBO.Streets,L_T_ADD,-1,-1;R_F_ADD "R_F_ADD" true true false 4 Long 0 10 ,First,#,C:\Temp\SDEConnections\WhartonCad.sde\WhartonCad.DBO.Data\WhartonCad.DBO.Streets,R_F_ADD,-1,-1;R_T_ADD "R_T_ADD" true true false 4 Long 0 10 ,First,#,C:\Temp\SDEConnections\WhartonCad.sde\WhartonCad.DBO.Data\WhartonCad.DBO.Streets,R_T_ADD,-1,-1;PREFIX "PREFIX" true true false 2 Text 0 0 ,First,#,C:\Temp\SDEConnections\WhartonCad.sde\WhartonCad.DBO.Data\WhartonCad.DBO.Streets,PREFIX,-1,-1;PRETYPE "PRETYPE" true true false 6 Text 0 0 ,First,#,C:\Temp\SDEConnections\WhartonCad.sde\WhartonCad.DBO.Data\WhartonCad.DBO.Streets,PRETYPE,-1,-1;NAME "NAME" true true false 30 Text 0 0 ,First,#,C:\Temp\SDEConnections\WhartonCad.sde\WhartonCad.DBO.Data\WhartonCad.DBO.Streets,NAME,-1,-1;TYPE "TYPE" true true false 6 Text 0 0 ,First,#,C:\Temp\SDEConnections\WhartonCad.sde\WhartonCad.DBO.Data\WhartonCad.DBO.Streets,TYPE,-1,-1;SUFFIX "SUFFIX" true true false 2 Text 0 0 ,First,#,C:\Temp\SDEConnections\WhartonCad.sde\WhartonCad.DBO.Data\WhartonCad.DBO.Streets,SUFFIX,-1,-1;CLASS_RTE "CLASS_RTE" true true false 1 Text 0 0 ,First,#,C:\Temp\SDEConnections\WhartonCad.sde\WhartonCad.DBO.Data\WhartonCad.DBO.Streets,CLASS_RTE,-1,-1;RAMP_CLASS "RAMP_CLASS" true true false 1 Text 0 0 ,First,#,C:\Temp\SDEConnections\WhartonCad.sde\WhartonCad.DBO.Data\WhartonCad.DBO.Streets,RAMP_CLASS,-1,-1;FROM_ELEV "FROM_ELEV" true true false 4 Long 0 10 ,First,#,C:\Temp\SDEConnections\WhartonCad.sde\WhartonCad.DBO.Data\WhartonCad.DBO.Streets,FROM_ELEV,-1,-1;TO_ELEV "TO_ELEV" true true false 4 Long 0 10 ,First,#,C:\Temp\SDEConnections\WhartonCad.sde\WhartonCad.DBO.Data\WhartonCad.DBO.Streets,TO_ELEV,-1,-1;HWY_TYPE "HWY_TYPE" true true false 1 Text 0 0 ,First,#,C:\Temp\SDEConnections\WhartonCad.sde\WhartonCad.DBO.Data\WhartonCad.DBO.Streets,HWY_TYPE,-1,-1;HWY_SYMBOL "HWY_SYMBOL" true true false 20 Text 0 0 ,First,#,C:\Temp\SDEConnections\WhartonCad.sde\WhartonCad.DBO.Data\WhartonCad.DBO.Streets,HWY_SYMBOL,-1,-1;SPEED_MPH "SPEED_MPH" true true false 4 Long 0 10 ,First,#,C:\Temp\SDEConnections\WhartonCad.sde\WhartonCad.DBO.Data\WhartonCad.DBO.Streets,SPEED_MPH,-1,-1;ZIP_L "ZIP_L" true true false 5 Text 0 0 ,First,#,C:\Temp\SDEConnections\WhartonCad.sde\WhartonCad.DBO.Data\WhartonCad.DBO.Streets,ZIP_L,-1,-1;ZIP_R "ZIP_R" true true false 5 Text 0 0 ,First,#,C:\Temp\SDEConnections\WhartonCad.sde\WhartonCad.DBO.Data\WhartonCad.DBO.Streets,ZIP_R,-1,-1;GEONAME_L "GEONAME_L" true true false 66 Text 0 0 ,First,#,C:\Temp\SDEConnections\WhartonCad.sde\WhartonCad.DBO.Data\WhartonCad.DBO.Streets,GEONAME_L,-1,-1;GEONAME_R "GEONAME_R" true true false 66 Text 0 0 ,First,#,C:\Temp\SDEConnections\WhartonCad.sde\WhartonCad.DBO.Data\WhartonCad.DBO.Streets,GEONAME_R,-1,-1;STATE_L "STATE_L" true true false 2 Text 0 0 ,First,#,C:\Temp\SDEConnections\WhartonCad.sde\WhartonCad.DBO.Data\WhartonCad.DBO.Streets,STATE_L,-1,-1;STATE_R "STATE_R" true true false 2 Text 0 0 ,First,#,C:\Temp\SDEConnections\WhartonCad.sde\WhartonCad.DBO.Data\WhartonCad.DBO.Streets,STATE_R,-1,-1;STATE "STATE" true true false 60 Text 0 0 ,First,#,C:\Temp\SDEConnections\WhartonCad.sde\WhartonCad.DBO.Data\WhartonCad.DBO.Streets,STATE,-1,-1;Shape_STLength__ "Shape_STLength__" false false true 0 Double 0 0 ,First,#,C:\Temp\SDEConnections\WhartonCad.sde\WhartonCad.DBO.Data\WhartonCad.DBO.Streets,Shape.STLength(),-1,-1" SDEBINARY</Process></lineage><itemProps><itemName Sync="TRUE">Streets</itemName><imsContentType Sync="TRUE">002</imsContentType><itemLocation><linkage Sync="TRUE">file://\\ESRIDESK02\C$\Users\ttodaro\Desktop\WhartonSHP\Streets.shp</linkage><protocol Sync="TRUE">Local Area Network</protocol></itemLocation><itemSize Sync="TRUE">0.000</itemSize></itemProps><coordRef><type Sync="TRUE">Projected</type><geogcsn Sync="TRUE">GCS_North_American_1983</geogcsn><csUnits Sync="TRUE">Linear Unit: Foot_US (0.304801)</csUnits><projcsn Sync="TRUE">NAD_1983_StatePlane_Texas_South_Central_FIPS_4204_Feet</projcsn><peXml Sync="TRUE">&lt;ProjectedCoordinateSystem xsi:type='typens:ProjectedCoordinateSystem' xmlns:xsi='http://www.w3.org/2001/XMLSchema-instance' xmlns:xs='http://www.w3.org/2001/XMLSchema' xmlns:typens='http://www.esri.com/schemas/ArcGIS/10.6'&gt;&lt;WKT&gt;PROJCS[&amp;quot;NAD_1983_StatePlane_Texas_South_Central_FIPS_4204_Feet&amp;quot;,GEOGCS[&amp;quot;GCS_North_American_1983&amp;quot;,DATUM[&amp;quot;D_North_American_1983&amp;quot;,SPHEROID[&amp;quot;GRS_1980&amp;quot;,6378137.0,298.257222101]],PRIMEM[&amp;quot;Greenwich&amp;quot;,0.0],UNIT[&amp;quot;Degree&amp;quot;,0.0174532925199433]],PROJECTION[&amp;quot;Lambert_Conformal_Conic&amp;quot;],PARAMETER[&amp;quot;False_Easting&amp;quot;,1968500.0],PARAMETER[&amp;quot;False_Northing&amp;quot;,13123333.33333333],PARAMETER[&amp;quot;Central_Meridian&amp;quot;,-99.0],PARAMETER[&amp;quot;Standard_Parallel_1&amp;quot;,28.38333333333333],PARAMETER[&amp;quot;Standard_Parallel_2&amp;quot;,30.28333333333333],PARAMETER[&amp;quot;Latitude_Of_Origin&amp;quot;,27.83333333333333],UNIT[&amp;quot;Foot_US&amp;quot;,0.3048006096012192],AUTHORITY[&amp;quot;EPSG&amp;quot;,2278]]&lt;/WKT&gt;&lt;XOrigin&gt;-126725700&lt;/XOrigin&gt;&lt;YOrigin&gt;-77828800&lt;/YOrigin&gt;&lt;XYScale&gt;34994581.165044695&lt;/XYScale&gt;&lt;ZOrigin&gt;-100000&lt;/ZOrigin&gt;&lt;ZScale&gt;10000&lt;/ZScale&gt;&lt;MOrigin&gt;-100000&lt;/MOrigin&gt;&lt;MScale&gt;10000&lt;/MScale&gt;&lt;XYTolerance&gt;0.0032808333333333331&lt;/XYTolerance&gt;&lt;ZTolerance&gt;0.001&lt;/ZTolerance&gt;&lt;MTolerance&gt;0.001&lt;/MTolerance&gt;&lt;HighPrecision&gt;true&lt;/HighPrecision&gt;&lt;WKID&gt;102740&lt;/WKID&gt;&lt;LatestWKID&gt;2278&lt;/LatestWKID&gt;&lt;/ProjectedCoordinateSystem&gt;</peXml></coordRef></DataProperties><SyncDate>20190118</SyncDate><SyncTime>14032900</SyncTime><ModDate>20190118</ModDate><ModTime>14032900</ModTime></Esri><dataIdInfo><envirDesc Sync="TRUE"> Version 6.2 (Build 9200) ; Esri ArcGIS 10.6.0.8321</envirDesc><dataLang><languageCode value="eng" Sync="TRUE"/><countryCode value="USA" Sync="TRUE"/></dataLang><idCitation><resTitle Sync="TRUE">Streets</resTitle><presForm><PresFormCd value="005" Sync="TRUE"/></presForm></idCitation><spatRpType><SpatRepTypCd value="001" Sync="TRUE"/></spatRpType></dataIdInfo><mdLang><languageCode value="eng" Sync="TRUE"/><countryCode value="USA" Sync="TRUE"/></mdLang><distInfo><distFormat><formatName Sync="TRUE">Shapefile</formatName></distFormat><distTranOps><transSize Sync="TRUE">0.000</transSize></distTranOps></distInfo><mdHrLv><ScopeCd value="005" Sync="TRUE"/></mdHrLv><mdHrLvName Sync="TRUE">dataset</mdHrLvName><refSysInfo><RefSystem><refSysID><identCode code="2278" Sync="TRUE"/><idCodeSpace Sync="TRUE">EPSG</idCodeSpace><idVersion Sync="TRUE">6.11(9.0.0)</idVersion></refSysID></RefSystem></refSysInfo><spatRepInfo><VectSpatRep><geometObjs Name="Streets"><geoObjTyp><GeoObjTypCd value="002" Sync="TRUE"></GeoObjTypCd></geoObjTyp><geoObjCnt Sync="TRUE">0</geoObjCnt></geometObjs><topLvl><TopoLevCd value="001" Sync="TRUE"></TopoLevCd></topLvl></VectSpatRep></spatRepInfo><spdoinfo><ptvctinf><esriterm Name="Streets"><efeatyp Sync="TRUE">Simple</efeatyp><efeageom code="3" Sync="TRUE"></efeageom><esritopo Sync="TRUE">FALSE</esritopo><efeacnt Sync="TRUE">0</efeacnt><spindex Sync="TRUE">FALSE</spindex><linrefer Sync="TRUE">FALSE</linrefer></esriterm></ptvctinf></spdoinfo><eainfo><detailed Name="Streets"><enttyp><enttypl Sync="TRUE">Streets</enttypl><enttypt Sync="TRUE">Feature Class</enttypt><enttypc Sync="TRUE">0</enttypc></enttyp><attr><attrlabl Sync="TRUE">FID</attrlabl><attalias Sync="TRUE">FID</attalias><attrtype Sync="TRUE">OID</attrtype><attwidth Sync="TRUE">4</attwidth><atprecis Sync="TRUE">0</atprecis><attscale Sync="TRUE">0</attscale><attrdef Sync="TRUE">Internal feature number.</attrdef><attrdefs Sync="TRUE">Esri</attrdefs><attrdomv><udom Sync="TRUE">Sequential unique whole numbers that are automatically generated.</udom></attrdomv></attr><attr><attrlabl Sync="TRUE">L_F_ADD</attrlabl><attalias Sync="TRUE">L_F_ADD</attalias><attrtype Sync="TRUE">Integer</attrtype><attwidth Sync="TRUE">10</attwidth><atprecis Sync="TRUE">10</atprecis><attscale Sync="TRUE">0</attscale></attr><attr><attrlabl Sync="TRUE">L_T_ADD</attrlabl><attalias Sync="TRUE">L_T_ADD</attalias><attrtype Sync="TRUE">Integer</attrtype><attwidth Sync="TRUE">10</attwidth><atprecis Sync="TRUE">10</atprecis><attscale Sync="TRUE">0</attscale></attr><attr><attrlabl Sync="TRUE">R_F_ADD</attrlabl><attalias Sync="TRUE">R_F_ADD</attalias><attrtype Sync="TRUE">Integer</attrtype><attwidth Sync="TRUE">10</attwidth><atprecis Sync="TRUE">10</atprecis><attscale Sync="TRUE">0</attscale></attr><attr><attrlabl Sync="TRUE">R_T_ADD</attrlabl><attalias Sync="TRUE">R_T_ADD</attalias><attrtype Sync="TRUE">Integer</attrtype><attwidth Sync="TRUE">10</attwidth><atprecis Sync="TRUE">10</atprecis><attscale Sync="TRUE">0</attscale></attr><attr><attrlabl Sync="TRUE">PREFIX</attrlabl><attalias Sync="TRUE">PREFIX</attalias><attrtype Sync="TRUE">String</attrtype><attwidth Sync="TRUE">2</attwidth><atprecis Sync="TRUE">0</atprecis><attscale Sync="TRUE">0</attscale></attr><attr><attrlabl Sync="TRUE">PRETYPE</attrlabl><attalias Sync="TRUE">PRETYPE</attalias><attrtype Sync="TRUE">String</attrtype><attwidth Sync="TRUE">6</attwidth><atprecis Sync="TRUE">0</atprecis><attscale Sync="TRUE">0</attscale></attr><attr><attrlabl Sync="TRUE">NAME</attrlabl><attalias Sync="TRUE">NAME</attalias><attrtype Sync="TRUE">String</attrtype><attwidth Sync="TRUE">30</attwidth><atprecis Sync="TRUE">0</atprecis><attscale Sync="TRUE">0</attscale></attr><attr><attrlabl Sync="TRUE">TYPE</attrlabl><attalias Sync="TRUE">TYPE</attalias><attrtype Sync="TRUE">String</attrtype><attwidth Sync="TRUE">6</attwidth><atprecis Sync="TRUE">0</atprecis><attscale Sync="TRUE">0</attscale></attr><attr><attrlabl Sync="TRUE">SUFFIX</attrlabl><attalias Sync="TRUE">SUFFIX</attalias><attrtype Sync="TRUE">String</attrtype><attwidth Sync="TRUE">2</attwidth><atprecis Sync="TRUE">0</atprecis><attscale Sync="TRUE">0</attscale></attr><attr><attrlabl Sync="TRUE">CLASS_RTE</attrlabl><attalias Sync="TRUE">CLASS_RTE</attalias><attrtype Sync="TRUE">String</attrtype><attwidth Sync="TRUE">1</attwidth><atprecis Sync="TRUE">0</atprecis><attscale Sync="TRUE">0</attscale></attr><attr><attrlabl Sync="TRUE">RAMP_CLASS</attrlabl><attalias Sync="TRUE">RAMP_CLASS</attalias><attrtype Sync="TRUE">String</attrtype><attwidth Sync="TRUE">1</attwidth><atprecis Sync="TRUE">0</atprecis><attscale Sync="TRUE">0</attscale></attr><attr><attrlabl Sync="TRUE">FROM_ELEV</attrlabl><attalias Sync="TRUE">FROM_ELEV</attalias><attrtype Sync="TRUE">Integer</attrtype><attwidth Sync="TRUE">10</attwidth><atprecis Sync="TRUE">10</atprecis><attscale Sync="TRUE">0</attscale></attr><attr><attrlabl Sync="TRUE">TO_ELEV</attrlabl><attalias Sync="TRUE">TO_ELEV</attalias><attrtype Sync="TRUE">Integer</attrtype><attwidth Sync="TRUE">10</attwidth><atprecis Sync="TRUE">10</atprecis><attscale Sync="TRUE">0</attscale></attr><attr><attrlabl Sync="TRUE">HWY_TYPE</attrlabl><attalias Sync="TRUE">HWY_TYPE</attalias><attrtype Sync="TRUE">String</attrtype><attwidth Sync="TRUE">1</attwidth><atprecis Sync="TRUE">0</atprecis><attscale Sync="TRUE">0</attscale></attr><attr><attrlabl Sync="TRUE">HWY_SYMBOL</attrlabl><attalias Sync="TRUE">HWY_SYMBOL</attalias><attrtype Sync="TRUE">String</attrtype><attwidth Sync="TRUE">20</attwidth><atprecis Sync="TRUE">0</atprecis><attscale Sync="TRUE">0</attscale></attr><attr><attrlabl Sync="TRUE">SPEED_MPH</attrlabl><attalias Sync="TRUE">SPEED_MPH</attalias><attrtype Sync="TRUE">Integer</attrtype><attwidth Sync="TRUE">10</attwidth><atprecis Sync="TRUE">10</atprecis><attscale Sync="TRUE">0</attscale></attr><attr><attrlabl Sync="TRUE">ZIP_L</attrlabl><attalias Sync="TRUE">ZIP_L</attalias><attrtype Sync="TRUE">String</attrtype><attwidth Sync="TRUE">5</attwidth><atprecis Sync="TRUE">0</atprecis><attscale Sync="TRUE">0</attscale></attr><attr><attrlabl Sync="TRUE">ZIP_R</attrlabl><attalias Sync="TRUE">ZIP_R</attalias><attrtype Sync="TRUE">String</attrtype><attwidth Sync="TRUE">5</attwidth><atprecis Sync="TRUE">0</atprecis><attscale Sync="TRUE">0</attscale></attr><attr><attrlabl Sync="TRUE">GEONAME_L</attrlabl><attalias Sync="TRUE">GEONAME_L</attalias><attrtype Sync="TRUE">String</attrtype><attwidth Sync="TRUE">66</attwidth><atprecis Sync="TRUE">0</atprecis><attscale Sync="TRUE">0</attscale></attr><attr><attrlabl Sync="TRUE">GEONAME_R</attrlabl><attalias Sync="TRUE">GEONAME_R</attalias><attrtype Sync="TRUE">String</attrtype><attwidth Sync="TRUE">66</attwidth><atprecis Sync="TRUE">0</atprecis><attscale Sync="TRUE">0</attscale></attr><attr><attrlabl Sync="TRUE">STATE_L</attrlabl><attalias Sync="TRUE">STATE_L</attalias><attrtype Sync="TRUE">String</attrtype><attwidth Sync="TRUE">2</attwidth><atprecis Sync="TRUE">0</atprecis><attscale Sync="TRUE">0</attscale></attr><attr><attrlabl Sync="TRUE">STATE_R</attrlabl><attalias Sync="TRUE">STATE_R</attalias><attrtype Sync="TRUE">String</attrtype><attwidth Sync="TRUE">2</attwidth><atprecis Sync="TRUE">0</atprecis><attscale Sync="TRUE">0</attscale></attr><attr><attrlabl Sync="TRUE">STATE</attrlabl><attalias Sync="TRUE">STATE</attalias><attrtype Sync="TRUE">String</attrtype><attwidth Sync="TRUE">60</attwidth><atprecis Sync="TRUE">0</atprecis><attscale Sync="TRUE">0</attscale></attr><attr><attrlabl Sync="TRUE">SHAPE</attrlabl><attalias Sync="TRUE">Shape</attalias><attrtype Sync="TRUE">Geometry</attrtype><attwidth Sync="TRUE">0</attwidth><atprecis Sync="TRUE">0</atprecis><attscale Sync="TRUE">0</attscale><attrdef Sync="TRUE">Feature geometry.</attrdef><attrdefs Sync="TRUE">Esri</attrdefs><attrdomv><udom Sync="TRUE">Coordinates defining the features.</udom></attrdomv></attr><attr><attrlabl Sync="TRUE">Shape_STLe</attrlabl><attalias Sync="TRUE">Shape_STLe</attalias><attrtype Sync="TRUE">Double</attrtype><attwidth Sync="TRUE">19</attwidth><atprecis Sync="TRUE">0</atprecis><attscale Sync="TRUE">0</attscale></attr><attr><attrlabl Sync="TRUE">created_us</attrlabl><attalias Sync="TRUE">created_us</attalias><attrtype Sync="TRUE">String</attrtype><attwidth Sync="TRUE">254</attwidth><atprecis Sync="TRUE">0</atprecis><attscale Sync="TRUE">0</attscale></attr><attr><attrlabl Sync="TRUE">created_da</attrlabl><attalias Sync="TRUE">created_da</attalias><attrtype Sync="TRUE">Date</attrtype><attwidth Sync="TRUE">8</attwidth><atprecis Sync="TRUE">0</atprecis><attscale Sync="TRUE">0</attscale></attr><attr><attrlabl Sync="TRUE">last_edite</attrlabl><attalias Sync="TRUE">last_edite</attalias><attrtype Sync="TRUE">String</attrtype><attwidth Sync="TRUE">254</attwidth><atprecis Sync="TRUE">0</atprecis><attscale Sync="TRUE">0</attscale></attr><attr><attrlabl Sync="TRUE">last_edi_1</attrlabl><attalias Sync="TRUE">last_edi_1</attalias><attrtype Sync="TRUE">Date</attrtype><attwidth Sync="TRUE">8</attwidth><atprecis Sync="TRUE">0</atprecis><attscale Sync="TRUE">0</attscale></attr><attr><attrlabl Sync="TRUE">Shape_len</attrlabl><attalias Sync="TRUE">Shape_len</attalias><attrtype Sync="TRUE">Double</attrtype><attwidth Sync="TRUE">19</attwidth><atprecis Sync="TRUE">0</atprecis><attscale Sync="TRUE">0</attscale></attr></detailed></eainfo><mdDateSt Sync="TRUE">20190118</mdDateSt></metadata>
