"id","animal_id","contact_id","purchase_date","purchase_price","sale_date","sale_price","genetic_pct","possession_pct","comments","created_at","updated_at"
"7560219","19607058","1448677","","","","","100.0","100.0","","2013-11-11 09:13:06 -0600","2014-07-18 09:16:48 -0500"
"7560222","19607064","1344099","","","","","","","","2013-11-11 09:15:22 -0600","2013-11-11 09:15:22 -0600"
"7562652","19610760","1448677","","","","","100.0","100.0","","2013-11-12 09:12:39 -0600","2015-10-24 11:41:02 -0500"
"7562670","19610778","1448677","","","","","100.0","100.0","","2013-11-12 09:17:32 -0600","2016-10-25 07:39:13 -0500"
"7562679","19610787","1448677","","","","","100.0","100.0","","2013-11-12 09:19:08 -0600","2015-10-24 17:28:16 -0500"
"7562688","19610796","1448677","","","","","100.0","100.0","","2013-11-12 09:20:32 -0600","2015-10-24 17:40:01 -0500"
"7562694","19610802","1448677","","","","","100.0","","","2013-11-12 09:21:30 -0600","2015-10-24 17:39:09 -0500"
"7562697","19610805","1448677","","","","","100.0","100.0","","2013-11-12 09:22:50 -0600","2015-10-24 17:14:29 -0500"
"7562700","19610808","1448677","","","","","100.0","100.0","","2013-11-12 09:24:20 -0600","2016-10-25 07:43:25 -0500"
"7562787","19610898","1448677","","","","","100.0","100.0","","2013-11-12 09:32:10 -0600","2015-10-24 10:29:27 -0500"
"7562793","19610907","1448677","","","","","100.0","100.0","","2013-11-12 09:34:31 -0600","2016-10-25 07:41:55 -0500"
"7562799","19610913","1344099","","","","","100.0","100.0","","2013-11-12 09:35:32 -0600","2014-05-25 15:40:17 -0500"
"7562802","19610916","1448677","","","","","100.0","100.0","","2013-11-12 09:36:40 -0600","2015-10-24 11:25:08 -0500"
"7562808","19610922","1448677","","","","","100.0","100.0","","2013-11-12 09:37:50 -0600","2016-10-25 07:37:34 -0500"
"7581286","19692244","1344099","","","","","100.0","100.0","","2013-11-16 08:04:04 -0600","2014-01-27 08:24:42 -0600"
"7581292","19692250","1344099","","","","","100.0","100.0","","2013-11-16 08:04:53 -0600","2014-01-27 08:25:40 -0600"
"7581298","19692253","1448677","","","","","100.0","100.0","","2013-11-16 08:05:50 -0600","2015-10-24 16:54:08 -0500"
"7581301","19692256","1344099","","","","","","","","2013-11-16 08:06:41 -0600","2013-11-16 08:06:41 -0600"
"7599418","19727668","1448677","","","","","","","","2013-11-21 05:51:25 -0600","2015-10-24 17:32:48 -0500"
"7599424","19727674","1448677","","","","","","","","2013-11-21 05:55:33 -0600","2016-10-25 07:40:35 -0500"
"7839016","20456704","1344099","","","","","50.0","50.0","","2014-01-17 16:47:00 -0600","2014-01-17 16:47:00 -0600"
"7839019","20456704","1348732","","","","","50.0","50.0","","2014-01-17 16:47:00 -0600","2014-01-17 16:47:00 -0600"
"7839034","20456755","1448677","","","","","100.0","100.0","","2014-01-17 17:13:02 -0600","2015-11-23 21:01:43 -0600"
"7845583","20469037","1344099","","","","","50.0","50.0","","2014-01-21 12:28:58 -0600","2014-01-21 12:28:58 -0600"
"7845586","20469037","1348732","","","","","50.0","50.0","","2014-01-21 12:28:58 -0600","2014-01-21 12:28:58 -0600"
"7845595","20469046","1448677","","","","","100.0","100.0","","2014-01-21 12:30:36 -0600","2016-10-25 07:38:21 -0500"
"7846234","19698700","1397722","","","","","100.0","100.0","","2014-01-21 14:09:51 -0600","2014-01-21 14:09:51 -0600"
"7854289","20486311","1344099","","","","","50.0","50.0","","2014-01-22 12:35:43 -0600","2014-01-22 12:35:43 -0600"
"7854292","20486311","1348732","","","","","50.0","50.0","","2014-01-22 12:35:43 -0600","2014-01-22 12:35:43 -0600"
"7857553","20493472","1448677","","","","","100.0","100.0","","2014-01-23 14:04:40 -0600","2015-10-24 10:34:58 -0500"
"7857577","20493550","1448677","","","","","100.0","100.0","","2014-01-23 14:20:07 -0600","2015-10-24 09:37:28 -0500"
"7857583","20493553","1344099","","","","","100.0","100.0","","2014-01-23 14:20:08 -0600","2014-05-25 15:52:27 -0500"
"7857616","20493601","1448677","","","","","100.0","100.0","","2014-01-23 14:31:24 -0600","2015-10-24 17:09:54 -0500"
"7857634","20493625","1448677","","","","","100.0","100.0","","2014-01-23 14:34:21 -0600","2015-10-24 17:12:51 -0500"
"7857658","20493667","1448677","","","","","100.0","100.0","","2014-01-23 14:39:28 -0600","2016-10-25 07:43:04 -0500"
"7857679","20493706","1448677","","","","","100.0","100.0","","2014-01-23 14:51:43 -0600","2016-10-25 07:40:55 -0500"
"7857703","20486326","1448677","","","","","100.0","100.0","","2014-01-23 15:02:15 -0600","2014-07-18 09:17:52 -0500"
"7857730","20493847","1448677","","","","","100.0","100.0","","2014-01-23 15:17:30 -0600","2016-10-25 07:41:19 -0500"
"7863928","20509927","1344099","","","","","50.0","50.0","","2014-01-26 14:13:06 -0600","2014-01-26 14:13:06 -0600"
"7863931","20509927","1348732","","","","","50.0","50.0","","2014-01-26 14:13:06 -0600","2014-01-26 14:13:06 -0600"
"7863937","20509930","1448677","","","","","100.0","100.0","","2014-01-26 14:14:14 -0600","2014-07-18 09:19:50 -0500"
"7863943","20509942","1344099","","","","","50.0","50.0","","2014-01-26 14:16:58 -0600","2014-01-26 14:16:58 -0600"
"7863946","20509942","1348732","","","","","50.0","50.0","","2014-01-26 14:16:58 -0600","2014-01-26 14:16:58 -0600"
"7863955","20510269","1448677","","","","","100.0","100.0","","2014-01-26 14:18:10 -0600","2014-07-24 06:57:41 -0500"
"7863958","20510275","1448677","","","","","100.0","100.0","","2014-01-26 14:19:03 -0600","2014-07-18 09:19:29 -0500"
"7863973","20510290","1344099","","","","","100.0","100.0","","2014-01-26 14:25:22 -0600","2014-01-26 14:25:22 -0600"
"7866049","20512942","1448677","","","","","100.0","100.0","","2014-01-27 08:29:04 -0600","2014-07-18 09:17:15 -0500"
"7866265","20513755","1348732","","","","","50.0","50.0","","2014-01-27 12:17:33 -0600","2014-01-27 12:17:33 -0600"
"7866268","20513755","1344099","","","","","50.0","50.0","","2014-01-27 12:17:33 -0600","2014-01-27 12:17:33 -0600"
"7878448","20550889","1348732","","","","","50.0","50.0","","2014-01-30 16:28:30 -0600","2014-01-30 16:28:30 -0600"
"7878451","20550889","1344099","","","","","50.0","50.0","","2014-01-30 16:28:30 -0600","2014-01-30 16:28:30 -0600"
"7878460","20550916","1448677","","","","","100.0","100.0","","2014-01-30 16:30:04 -0600","2014-07-18 09:20:09 -0500"
"7878526","20551093","1344099","","","","","50.0","50.0","","2014-01-30 17:20:46 -0600","2014-01-30 17:20:46 -0600"
"7878529","20551093","1348732","","","","","50.0","50.0","","2014-01-30 17:20:46 -0600","2014-01-30 17:20:46 -0600"
"7878535","20551099","1348732","","","","","50.0","50.0","","2014-01-30 17:25:01 -0600","2014-01-30 17:25:01 -0600"
"7878538","20551099","1344099","","","","","50.0","50.0","","2014-01-30 17:25:01 -0600","2014-01-30 17:25:01 -0600"
"7884220","20565247","1344099","","","","","100.0","100.0","","2014-02-02 15:42:48 -0600","2014-02-02 15:42:48 -0600"
"7884250","20565319","1448677","","","","","100.0","100.0","","2014-02-02 15:50:01 -0600","2014-07-18 09:20:26 -0500"
"7911040","20611504","1344099","","","","","100.0","100.0","","2014-02-06 11:51:03 -0600","2014-02-06 11:51:03 -0600"
"7916014","19721602","1344099","","","","","50.0","50.0","","2014-02-08 08:55:56 -0600","2014-02-08 08:55:56 -0600"
"7916017","19721602","1348732","","","","","50.0","50.0","","2014-02-08 08:55:56 -0600","2014-02-08 08:55:56 -0600"
"7919677","20629108","1448677","","","","","100.0","100.0","","2014-02-09 19:00:08 -0600","2015-10-24 17:23:01 -0500"
"7949653","20702293","1448677","","","","","100.0","100.0","","2014-02-13 14:48:41 -0600","2014-07-18 09:20:47 -0500"
"8001764","20881403","1448677","","","","","100.0","100.0","","2014-02-24 07:14:41 -0600","2014-07-18 09:21:04 -0500"
"8044175","21003830","1344099","","","","","100.0","100.0","","2014-03-03 06:54:38 -0600","2014-03-03 06:54:38 -0600"
"8119436","19727677","1344099","","","","","100.0","100.0","","2014-03-18 17:56:03 -0500","2014-03-18 17:56:03 -0500"
"8239523","21545129","1448677","","","","","100.0","100.0","","2014-04-10 09:15:25 -0500","2014-07-18 09:21:33 -0500"
"8324608","21818383","1448677","","","","","100.0","100.0","","2014-04-29 18:51:31 -0500","2014-04-29 18:51:31 -0500"
"8324635","21818413","1448677","","","","","100.0","100.0","","2014-04-29 18:57:59 -0500","2014-04-29 18:57:59 -0500"
"8324650","21818440","1448677","","","","","100.0","100.0","","2014-04-29 19:01:46 -0500","2014-05-25 23:03:18 -0500"
"8324656","21818455","1448677","","","","","100.0","100.0","","2014-04-29 19:05:18 -0500","2014-04-29 19:05:18 -0500"
"8325085","21819703","1448677","","","","","100.0","100.0","","2014-04-29 22:07:02 -0500","2014-04-29 22:07:02 -0500"
"8325091","21819736","1448677","","","","","100.0","100.0","","2014-04-29 22:11:31 -0500","2014-04-29 22:11:31 -0500"
"8325100","21819760","1448677","","","","","100.0","100.0","","2014-04-29 22:15:47 -0500","2014-04-29 22:15:47 -0500"
"8325106","21819781","1448677","","","","","100.0","100.0","","2014-04-29 22:19:20 -0500","2014-04-29 22:19:20 -0500"
"8325118","21819835","1448677","","","","","100.0","100.0","","2014-04-29 22:23:48 -0500","2014-04-29 22:23:48 -0500"
"8325127","21819877","1448677","","","","","100.0","100.0","","2014-04-29 22:33:52 -0500","2014-04-29 22:33:52 -0500"
"8325130","21819886","1448677","","","","","100.0","100.0","","2014-04-29 22:36:01 -0500","2014-04-29 22:36:01 -0500"
"8325136","21819892","1448677","","","","","100.0","100.0","","2014-04-29 22:37:28 -0500","2014-04-29 22:37:28 -0500"
"8353027","21888790","1448677","","","","","100.0","100.0","","2014-05-08 06:43:59 -0500","2014-11-20 06:42:12 -0600"
"8356228","21905323","1448677","","","","","100.0","100.0","","2014-05-09 07:30:04 -0500","2014-05-09 07:30:04 -0500"
"8404534","22020433","1448677","","","","","100.0","100.0","","2014-05-25 15:07:11 -0500","2016-10-24 09:23:50 -0500"
"8404543","22020445","1448677","","","","","100.0","100.0","","2014-05-25 15:08:21 -0500","2016-10-25 07:38:49 -0500"
"8404546","22020535","1448677","","","","","100.0","100.0","","2014-05-25 15:09:07 -0500","2015-12-06 12:32:23 -0600"
"8404564","22020559","1448677","","","","","100.0","100.0","","2014-05-25 15:10:22 -0500","2016-03-28 07:30:46 -0500"
"8404573","22020568","1448677","","","","","100.0","100.0","","2014-05-25 15:13:53 -0500","2015-10-24 09:14:35 -0500"
"8418058","22047349","1448677","","","","","100.0","100.0","","2014-05-29 20:35:55 -0500","2016-02-23 14:34:29 -0600"
"8418073","22047367","1448677","","","","","100.0","100.0","","2014-05-29 20:38:48 -0500","2015-04-26 15:19:11 -0500"
"8418085","22047382","1448677","","","","","100.0","100.0","","2014-05-29 20:41:59 -0500","2016-10-25 07:37:57 -0500"
"8441767","22131493","1448677","","","","","100.0","100.0","","2014-06-10 10:42:50 -0500","2014-07-18 09:16:23 -0500"
"8452792","22160740","1448671","","","","","100.0","100.0","","2014-06-12 19:17:32 -0500","2014-06-12 19:17:32 -0500"
"8452804","22160830","1448671","","","","","100.0","100.0","","2014-06-12 19:30:34 -0500","2014-06-12 19:30:34 -0500"
"8452933","22161166","1448671","","","","","100.0","100.0","","2014-06-12 21:41:54 -0500","2014-06-12 21:41:54 -0500"
"8452954","22161205","1448671","","","","","100.0","100.0","","2014-06-12 21:50:47 -0500","2014-06-12 21:50:47 -0500"
"8456311","22166194","1448677","","","","","100.0","100.0","","2014-06-14 10:59:13 -0500","2015-11-23 20:20:28 -0600"
"8456317","22166200","1448677","","","","","100.0","100.0","","2014-06-14 11:01:06 -0500","2014-07-18 09:22:22 -0500"
"8460985","22173322","1448671","","","","","","","","2014-06-16 12:13:26 -0500","2014-06-16 12:13:26 -0500"
"8460988","22173325","1448671","","","","","100.0","100.0","","2014-06-16 12:18:50 -0500","2014-06-16 12:18:50 -0500"
"8464666","22189504","1448677","","","","","100.0","100.0","","2014-06-17 17:32:18 -0500","2016-10-25 07:37:01 -0500"
"8464672","22189510","1448677","","","","","","","","2014-06-17 17:32:52 -0500","2016-10-25 07:44:15 -0500"
"8479432","22227118","1448677","","","","","100.0","100.0","","2014-06-23 06:38:35 -0500","2014-06-23 06:38:35 -0500"
"8483345","22248044","1448677","","","","","","","","2014-06-25 07:28:56 -0500","2014-06-25 07:28:56 -0500"
"8491556","22274663","1448677","","","","","100.0","100.0","","2014-06-28 20:21:26 -0500","2016-10-25 07:39:40 -0500"
"8491559","22274666","1448677","","","","","100.0","100.0","","2014-06-28 20:23:00 -0500","2014-06-28 20:23:00 -0500"
"8493812","22294328","1448677","","","","","100.0","100.0","","2014-06-29 10:09:20 -0500","2014-06-29 10:09:20 -0500"
"8497736","22302635","1448677","","","","","","","","2014-07-01 11:59:39 -0500","2015-10-24 17:31:04 -0500"
"8497739","22302638","1448677","","","","","","","","2014-07-01 12:00:49 -0500","2015-10-24 09:33:02 -0500"
"8507501","22319252","1448677","","","","","","","","2014-07-04 07:43:54 -0500","2014-07-04 07:43:54 -0500"
"8510522","21818431","1448671","","","","","","","","2014-07-07 08:09:13 -0500","2014-07-07 08:09:13 -0500"
"8510543","21818449","1448671","","","","","","","","2014-07-07 08:14:12 -0500","2014-07-07 08:14:12 -0500"
"8510564","22323179","1448671","","","","","","","","2014-07-07 08:18:05 -0500","2014-07-07 08:18:05 -0500"
"8510570","21819772","1448671","","","","","","","","2014-07-07 08:21:14 -0500","2014-07-07 08:21:14 -0500"
"8510576","22325273","1472453","","","","","","","","2014-07-07 08:27:15 -0500","2014-07-07 08:27:15 -0500"
"8511728","22327538","1448671","","","","","","","","2014-07-08 07:00:46 -0500","2014-07-08 07:00:46 -0500"
"8511731","22327544","1448671","","","","","","","","2014-07-08 07:04:39 -0500","2014-07-08 07:04:39 -0500"
"8511743","22327556","1448671","","","","","","","","2014-07-08 07:12:42 -0500","2014-07-08 07:12:42 -0500"
"8511749","22327562","1448671","","","","","","","","2014-07-08 07:19:21 -0500","2014-07-08 07:19:21 -0500"
"8512796","21888784","1450672","","","","","","","","2014-07-08 20:53:50 -0500","2014-07-08 20:53:50 -0500"
"8512802","22323188","1448671","","","","","","","","2014-07-08 21:01:57 -0500","2014-07-08 21:01:57 -0500"
"8512805","22323212","1472744","","","","","","","","2014-07-08 21:07:27 -0500","2014-07-08 21:07:27 -0500"
"8512829","21905314","1450672","","","","","","","","2014-07-08 21:22:39 -0500","2014-07-08 21:22:39 -0500"
"8512832","21905314","1450672","","","","","","","","2014-07-08 21:22:56 -0500","2014-07-08 21:22:56 -0500"
"8512844","21905320","1450672","","","","","","","","2014-07-08 21:31:12 -0500","2014-07-08 21:31:12 -0500"
"8529914","22363061","1448677","","","","","","","","2014-07-15 18:01:42 -0500","2014-07-15 18:01:42 -0500"
"8533028","22371653","1448671","","","","","","","","2014-07-17 18:53:50 -0500","2014-07-17 18:53:50 -0500"
"8533037","22371650","1448671","","","","","","","","2014-07-17 18:54:26 -0500","2014-07-17 18:54:26 -0500"
"8533046","22371692","1474658","","","","","","","","2014-07-17 18:58:07 -0500","2014-07-17 18:58:07 -0500"
"8533052","22371695","1448671","","","","","","","","2014-07-17 19:00:11 -0500","2014-07-17 19:00:11 -0500"
"8599184","22546301","1448677","","","","","100.0","100.0","","2014-08-02 17:46:02 -0500","2014-08-02 17:46:02 -0500"
"8619464","22603187","1448677","","","","","100.0","100.0","","2014-08-14 09:44:35 -0500","2014-08-14 09:44:35 -0500"
"8619467","22603205","1448677","","","","","100.0","100.0","","2014-08-14 09:49:55 -0500","2014-08-14 09:49:55 -0500"
"8619470","22603208","1448677","","","","","100.0","100.0","","2014-08-14 09:50:53 -0500","2014-08-14 09:50:53 -0500"
"8619473","22603214","1448677","","","","","100.0","100.0","","2014-08-14 09:51:52 -0500","2014-08-14 09:51:52 -0500"
"8619479","22603223","1448677","","","","","100.0","100.0","","2014-08-14 09:53:54 -0500","2014-08-14 09:53:54 -0500"
"8619482","22603226","1448677","","","","","100.0","100.0","","2014-08-14 09:55:01 -0500","2014-08-14 09:55:01 -0500"
"8695781","22741778","1448677","","","","","100.0","100.0","","2014-09-04 08:18:50 -0500","2014-09-04 08:18:50 -0500"
"8695805","22741802","1448677","","","","","100.0","100.0","","2014-09-04 08:26:08 -0500","2014-09-04 08:26:08 -0500"
"8695811","22741808","1448677","","","","","100.0","100.0","","2014-09-04 08:29:25 -0500","2014-09-04 08:29:25 -0500"
"8695967","22741982","1448677","","","","","100.0","100.0","","2014-09-04 09:00:04 -0500","2014-09-04 09:00:04 -0500"
"8695970","22741985","1448677","","","","","100.0","100.0","","2014-09-04 09:01:23 -0500","2014-09-04 09:01:23 -0500"
"8720807","22803485","1448677","","","","","","","","2014-09-12 10:47:26 -0500","2014-09-12 10:47:26 -0500"
"8744819","22133515","1448671","","","","","100.0","100.0","","2014-09-18 15:56:21 -0500","2014-09-18 15:56:21 -0500"
"8884788","23008647","1448677","","","","","","","","2014-09-27 09:28:47 -0500","2014-09-27 09:28:47 -0500"
"8895183","23038509","1448677","","","","","","","","2014-10-01 19:50:28 -0500","2014-10-01 19:50:28 -0500"
"8904108","23054805","1448677","","","","","100.0","100.0","","2014-10-05 18:53:50 -0500","2014-10-05 18:53:50 -0500"
"8935272","23204550","1448677","","","","","100.0","100.0","","2014-10-16 07:02:55 -0500","2014-10-16 07:02:55 -0500"
"8935275","23204553","1448677","","","","","100.0","100.0","","2014-10-16 07:04:02 -0500","2014-10-16 07:04:02 -0500"
"8981457","23394207","1448677","","","","","100.0","100.0","","2014-10-28 13:38:03 -0500","2014-10-28 13:38:03 -0500"
"9151361","23907311","1344102","","","","","100.0","100.0","","2014-11-30 19:36:57 -0600","2014-11-30 19:36:57 -0600"
"9151370","23907323","1344102","","","","","100.0","100.0","","2014-11-30 19:37:51 -0600","2014-11-30 19:37:51 -0600"
"9153659","23911661","1448677","","","","","100.0","100.0","","2014-12-01 14:04:59 -0600","2014-12-01 14:04:59 -0600"
"9173333","23952749","1448677","","","","","","","","2014-12-02 17:04:36 -0600","2014-12-02 17:04:36 -0600"
"9239000","24138989","1448677","","","","","100.0","100.0","","2014-12-20 19:06:26 -0600","2014-12-20 19:06:26 -0600"
"9306521","24253490","1448677","","","","","","","","2015-01-02 07:33:17 -0600","2015-01-02 07:33:17 -0600"
"9309134","24258131","1344099","","","","","","","","2015-01-03 11:11:52 -0600","2015-01-03 11:11:52 -0600"
"9319325","24289271","1448677","","","","","","","","2015-01-06 07:53:21 -0600","2015-01-06 07:53:21 -0600"
"9319328","24289280","1448677","","","","","","","","2015-01-06 07:55:39 -0600","2015-01-06 07:55:39 -0600"
"9319340","24289301","1448677","","","","","","","","2015-01-06 08:21:33 -0600","2015-01-06 08:21:33 -0600"
"9319343","24289304","1448677","","","","","","","","2015-01-06 08:21:33 -0600","2015-01-06 08:21:33 -0600"
"9319346","24289307","1448677","","","","","","","","2015-01-06 08:21:33 -0600","2015-01-06 08:21:33 -0600"
"9319349","24289310","1448677","","","","","","","","2015-01-06 08:21:33 -0600","2015-01-06 08:21:33 -0600"
"9319352","24289313","1448677","","","","","","","","2015-01-06 08:21:33 -0600","2015-01-06 08:21:33 -0600"
"9319355","24289316","1448677","","","","","","","","2015-01-06 08:21:33 -0600","2015-01-06 08:21:33 -0600"
"9319358","24289319","1448677","","","","","","","","2015-01-06 08:21:33 -0600","2015-01-06 08:21:33 -0600"
"9319361","24289322","1448677","","","","","","","","2015-01-06 08:21:33 -0600","2015-01-06 08:21:33 -0600"
"9319364","24289325","1448677","","","","","","","","2015-01-06 08:21:33 -0600","2015-01-06 08:21:33 -0600"
"9319367","24289328","1448677","","","","","","","","2015-01-06 08:21:33 -0600","2015-01-06 08:21:33 -0600"
"9319370","24289331","1448677","","","","","","","","2015-01-06 08:21:33 -0600","2015-01-06 08:21:33 -0600"
"9319373","24289334","1448677","","","","","","","","2015-01-06 08:21:34 -0600","2015-01-06 08:21:34 -0600"
"9319376","24289337","1448677","","","","","","","","2015-01-06 08:21:34 -0600","2015-01-06 08:21:34 -0600"
"9319379","24289340","1448677","","","","","","","","2015-01-06 08:21:34 -0600","2015-01-06 08:21:34 -0600"
"9319382","24289343","1448677","","","","","","","","2015-01-06 08:21:34 -0600","2015-01-06 08:21:34 -0600"
"9319385","24289346","1448677","","","","","","","","2015-01-06 08:21:34 -0600","2015-01-06 08:21:34 -0600"
"9319388","24289349","1448677","","","","","","","","2015-01-06 08:21:34 -0600","2015-01-06 08:21:34 -0600"
"9319391","24289352","1448677","","","","","","","","2015-01-06 08:21:34 -0600","2015-01-06 08:21:34 -0600"
"9319394","24289355","1448677","","","","","","","","2015-01-06 08:21:34 -0600","2015-01-06 08:21:34 -0600"
"9319397","24289358","1448677","","","","","","","","2015-01-06 08:21:34 -0600","2015-01-06 08:21:34 -0600"
"9319400","24289361","1448677","","","","","","","","2015-01-06 08:21:34 -0600","2015-01-06 08:21:34 -0600"
"9319403","24289364","1448677","","","","","","","","2015-01-06 08:21:34 -0600","2015-01-06 08:21:34 -0600"
"9319406","24289367","1448677","","","","","","","","2015-01-06 08:21:34 -0600","2015-01-06 08:21:34 -0600"
"9319409","24289370","1448677","","","","","","","","2015-01-06 08:21:34 -0600","2015-01-06 08:21:34 -0600"
"9319412","24289373","1448677","","","","","","","","2015-01-06 08:21:34 -0600","2015-01-06 08:21:34 -0600"
"9319415","24289376","1448677","","","","","","","","2015-01-06 08:21:35 -0600","2015-01-06 08:21:35 -0600"
"9319418","24289379","1448677","","","","","","","","2015-01-06 08:21:35 -0600","2015-01-06 08:21:35 -0600"
"9319421","24289382","1448677","","","","","","","","2015-01-06 08:21:35 -0600","2015-01-06 08:21:35 -0600"
"9319424","24289385","1448677","","","","","","","","2015-01-06 08:21:35 -0600","2015-01-06 08:21:35 -0600"
"9319427","24289388","1448677","","","","","","","","2015-01-06 08:21:35 -0600","2015-01-06 08:21:35 -0600"
"9319430","24289391","1448677","","","","","","","","2015-01-06 08:21:35 -0600","2015-01-06 08:21:35 -0600"
"9319433","24289394","1448677","","","","","","","","2015-01-06 08:21:35 -0600","2015-01-06 08:21:35 -0600"
"9319436","24289397","1448677","","","","","","","","2015-01-06 08:21:35 -0600","2015-01-06 08:21:35 -0600"
"9319439","24289400","1448677","","","","","","","","2015-01-06 08:21:35 -0600","2015-01-06 08:21:35 -0600"
"9324617","24299582","1448677","","","","","","","","2015-01-07 15:27:39 -0600","2015-01-07 15:27:39 -0600"
"9357542","24384251","1448677","","","","","","","","2015-01-13 14:22:10 -0600","2015-01-13 14:22:10 -0600"
"9367631","24414197","1448677","","","","","","","","2015-01-15 16:41:10 -0600","2015-01-15 16:41:10 -0600"
"9400292","24487511","1448677","","","","","","","","2015-01-19 20:32:19 -0600","2015-01-19 20:32:19 -0600"
"9407108","24503801","1448677","","","","","","","","2015-01-21 18:31:36 -0600","2015-01-21 18:31:36 -0600"
"9730680","24513113","1448677","","","","","100.0","100.0","","2015-03-10 22:44:19 -0500","2015-03-10 22:44:19 -0500"
"9730698","24513116","1448677","","","","","100.0","100.0","","2015-03-10 22:45:46 -0500","2015-03-10 22:45:46 -0500"
"9730710","24513119","1448677","","","","","100.0","100.0","","2015-03-10 22:46:32 -0500","2015-03-10 22:46:32 -0500"
"9730716","24513122","1448677","","","","","100.0","100.0","","2015-03-10 22:47:19 -0500","2015-03-10 22:47:19 -0500"
"9730725","24513125","1448677","","","","","100.0","100.0","","2015-03-10 22:48:09 -0500","2015-03-10 22:48:09 -0500"
"9730734","24513128","1448677","","","","","100.0","100.0","","2015-03-10 22:48:57 -0500","2015-03-10 22:48:57 -0500"
"9730740","24513131","1448677","","","","","100.0","100.0","","2015-03-10 22:49:41 -0500","2015-03-10 22:49:41 -0500"
"9732396","24513134","1448677","","","","","100.0","100.0","","2015-03-11 12:51:58 -0500","2015-03-11 12:51:58 -0500"
"9732417","24513137","1448677","","","","","100.0","100.0","","2015-03-11 12:57:13 -0500","2015-03-11 12:57:13 -0500"
"9739704","24513140","1448677","","","","","100.0","100.0","","2015-03-12 17:59:26 -0500","2015-03-12 17:59:26 -0500"
"9739716","24513143","1448677","","","","","100.0","100.0","","2015-03-12 18:00:47 -0500","2015-03-12 18:00:47 -0500"
"9739725","24513146","1448677","","","","","100.0","100.0","","2015-03-12 18:01:56 -0500","2015-03-12 18:01:56 -0500"
"9739734","24513149","1448677","","","","","100.0","100.0","","2015-03-12 18:03:02 -0500","2015-03-12 18:03:02 -0500"
"9739740","24513152","1448677","","","","","100.0","100.0","","2015-03-12 18:09:17 -0500","2015-03-12 18:09:17 -0500"
"9739743","24513155","1448677","","","","","100.0","100.0","","2015-03-12 18:10:19 -0500","2015-03-12 18:10:19 -0500"
"9739746","24513158","1448677","","","","","100.0","100.0","","2015-03-12 18:11:01 -0500","2015-03-12 18:11:01 -0500"
"9739749","24513161","1448677","","","","","100.0","100.0","","2015-03-12 18:11:50 -0500","2015-03-12 18:11:50 -0500"
"9739752","24513164","1448677","","","","","100.0","100.0","","2015-03-12 18:12:43 -0500","2015-03-12 18:12:43 -0500"
"9739755","24513167","1448677","","","","","100.0","100.0","","2015-03-12 18:13:21 -0500","2015-03-12 18:13:21 -0500"
"9739758","24513170","1448677","","","","","100.0","100.0","","2015-03-12 18:14:18 -0500","2015-03-12 18:14:18 -0500"
"9739761","24513173","1448677","","","","","100.0","100.0","","2015-03-12 18:15:02 -0500","2015-03-12 18:15:02 -0500"
"9739764","24513176","1448677","","","","","100.0","100.0","","2015-03-12 18:15:47 -0500","2015-03-12 18:15:47 -0500"
"9739767","24513179","1448677","","","","","100.0","100.0","","2015-03-12 18:16:33 -0500","2015-03-12 18:16:33 -0500"
"9739770","24513182","1448677","","","","","100.0","100.0","","2015-03-12 18:17:12 -0500","2015-03-12 18:17:12 -0500"
"9739779","24513185","1448677","","","","","100.0","100.0","","2015-03-12 18:17:59 -0500","2015-03-12 18:17:59 -0500"
"9739785","24513188","1448677","","","","","100.0","100.0","","2015-03-12 18:18:44 -0500","2015-03-12 18:18:44 -0500"
"9739788","24513191","1448677","","","","","100.0","100.0","","2015-03-12 18:19:26 -0500","2015-03-12 18:19:26 -0500"
"9739791","24513194","1448677","","","","","100.0","100.0","","2015-03-12 18:20:15 -0500","2015-03-12 18:20:15 -0500"
"9746283","25315314","1448677","","","","","100.0","100.0","","2015-03-13 19:47:28 -0500","2015-03-13 19:47:28 -0500"
"9746289","25315323","1448677","","","","","100.0","100.0","","2015-03-13 19:48:24 -0500","2015-04-26 15:21:54 -0500"
"9746292","25315326","1448677","","","","","100.0","100.0","","2015-03-13 19:49:11 -0500","2015-04-26 15:22:18 -0500"
"9787505","25382777","1448677","","","","","100.0","100.0","","2015-03-18 21:51:16 -0500","2015-03-18 21:51:16 -0500"
"9788546","25384562","1448677","","","","","100.0","100.0","","2015-03-19 08:40:17 -0500","2015-03-19 08:40:17 -0500"
"9862409","25578131","1448677","","","","","100.0","100.0","","2015-03-30 19:16:32 -0500","2015-03-30 19:16:32 -0500"
"9862412","25578134","1448677","","","","","100.0","100.0","","2015-03-30 19:17:58 -0500","2015-03-30 19:17:58 -0500"
"9887627","25656836","1448677","","","","","100.0","100.0","","2015-04-03 08:02:09 -0500","2015-04-03 08:02:09 -0500"
"9894758","25675931","1448677","","","","","","","","2015-04-04 20:11:30 -0500","2015-04-26 19:09:52 -0500"
"9903851","25689146","1448677","","","","","","","","2015-04-06 09:54:04 -0500","2015-04-06 09:54:04 -0500"
"9921455","25731950","1448677","","","","","","","","2015-04-08 09:46:04 -0500","2015-04-08 09:46:04 -0500"
"9933902","25759949","1448677","","","","","","","","2015-04-10 11:28:47 -0500","2015-04-10 11:28:47 -0500"
"9933959","25760039","1344099","","","","","","","","2015-04-10 11:56:10 -0500","2015-04-10 11:56:10 -0500"
"9959528","25806287","1448677","","","","","","","","2015-04-14 18:16:09 -0500","2015-04-26 19:07:25 -0500"
"9960035","25807601","1448677","","","","","","","","2015-04-14 20:18:14 -0500","2015-04-26 19:08:39 -0500"
"9970979","25823078","1344099","","","","","","","","2015-04-15 20:05:57 -0500","2015-04-15 20:05:57 -0500"
"9987056","25870592","1448677","","","","","","","","2015-04-19 16:38:41 -0500","2015-04-26 15:19:50 -0500"
"9988406","25873070","1448677","","","","","100.0","100.0","","2015-04-19 21:09:47 -0500","2015-04-19 21:09:47 -0500"
"9998210","25897484","1448677","","","","","100.0","100.0","","2015-04-21 07:49:28 -0500","2015-04-21 07:49:28 -0500"
"10015400","25953590","1448677","","","","","","","","2015-04-24 07:37:53 -0500","2015-04-24 07:37:53 -0500"
"10024376","25971623","1448677","","","","","","","","2015-04-26 15:09:34 -0500","2015-04-26 15:09:34 -0500"
"10032524","25984508","1448677","","","","","","","","2015-04-27 20:12:18 -0500","2015-04-27 20:12:18 -0500"
"10032671","25984688","1448677","","","","","","","","2015-04-27 20:34:09 -0500","2015-04-27 20:34:09 -0500"
"10032689","25984700","1448677","","","","","100.0","100.0","","2015-04-27 20:35:52 -0500","2015-04-27 20:35:52 -0500"
"10048553","26016308","1448677","","","","","","","","2015-05-01 07:56:04 -0500","2015-05-01 07:56:04 -0500"
"10054337","26028827","1448677","","","","","","","","2015-05-03 08:47:14 -0500","2015-05-03 08:47:14 -0500"
"10054343","26028932","1448677","","","","","","","","2015-05-03 08:50:22 -0500","2015-05-03 08:50:22 -0500"
"10055138","26030204","1448677","","","","","","","","2015-05-03 16:13:01 -0500","2015-05-03 16:13:01 -0500"
"10055141","26030210","1448677","","","","","","","","2015-05-03 16:13:44 -0500","2015-05-03 16:13:44 -0500"
"10055927","26031119","1448677","","","","","","","","2015-05-03 22:30:10 -0500","2015-05-03 22:30:10 -0500"
"10064354","26062430","1448677","","","","","","","","2015-05-05 20:04:24 -0500","2015-05-05 20:04:24 -0500"
"10064357","26062436","1448677","","","","","","","","2015-05-05 20:05:12 -0500","2015-05-05 20:05:12 -0500"
"10070795","26076857","1448677","","","","","","","","2015-05-07 17:06:29 -0500","2015-05-07 17:06:29 -0500"
"10078625","26093408","1448677","","","","","","","","2015-05-10 19:28:26 -0500","2015-05-10 19:28:26 -0500"
"10127696","26213075","1448677","","","","","","","","2015-05-21 07:44:58 -0500","2015-05-21 07:44:58 -0500"
"10168078","26303413","1448677","","","","","","","","2015-05-31 07:03:29 -0500","2015-05-31 07:03:29 -0500"
"10376539","27189475","1448677","","","","","","","","2015-08-17 17:41:53 -0500","2015-08-17 17:41:53 -0500"
"10429849","27330187","1448677","","","","","","","","2015-09-02 06:10:54 -0500","2015-09-02 06:10:54 -0500"
"10429852","27330190","1448677","","","","","","","","2015-09-02 06:10:55 -0500","2015-09-02 06:10:55 -0500"
"10429855","27330193","1448677","","","","","","","","2015-09-02 06:10:55 -0500","2015-09-02 06:10:55 -0500"
"10429858","27330196","1448677","","","","","","","","2015-09-02 06:10:55 -0500","2015-09-02 06:10:55 -0500"
"10429861","27330199","1448677","","","","","","","","2015-09-02 06:10:55 -0500","2015-09-02 06:10:55 -0500"
"10429864","27330202","1448677","","","","","","","","2015-09-02 06:10:55 -0500","2015-09-02 06:10:55 -0500"
"10429867","27330205","1448677","","","","","","","","2015-09-02 06:10:55 -0500","2015-09-02 06:10:55 -0500"
"10429870","27330208","1448677","","","","","","","","2015-09-02 06:10:55 -0500","2015-09-02 06:10:55 -0500"
"10429873","27330211","1448677","","","","","","","","2015-09-02 06:10:55 -0500","2015-09-02 06:10:55 -0500"
"10429876","27330214","1448677","","","","","","","","2015-09-02 06:10:55 -0500","2015-09-02 06:10:55 -0500"
"10429879","27330217","1448677","","","","","","","","2015-09-02 06:10:55 -0500","2015-09-02 06:10:55 -0500"
"10429882","27330220","1448677","","","","","","","","2015-09-02 06:10:55 -0500","2015-09-02 06:10:55 -0500"
"10429885","27330223","1448677","","","","","","","","2015-09-02 06:10:55 -0500","2015-09-02 06:10:55 -0500"
"10429888","27330226","1448677","","","","","","","","2015-09-02 06:10:55 -0500","2015-09-02 06:10:55 -0500"
"10429891","27330229","1448677","","","","","","","","2015-09-02 06:10:55 -0500","2015-09-02 06:10:55 -0500"
"10429894","27330232","1448677","","","","","","","","2015-09-02 06:10:56 -0500","2015-09-02 06:10:56 -0500"
"10619082","27897363","1344102","","","","","","","","2015-10-24 17:48:27 -0500","2015-10-24 17:48:27 -0500"
"10619091","27897372","1344102","","","","","","","","2015-10-24 17:50:40 -0500","2015-10-24 17:50:40 -0500"
"10619097","27897378","1344102","","","","","","","","2015-10-24 17:52:08 -0500","2015-10-24 17:52:08 -0500"
"10619100","27897384","1344102","","","","","","","","2015-10-24 17:53:30 -0500","2015-10-24 17:53:30 -0500"
"10619106","27897390","1344102","","","","","","","","2015-10-24 17:55:25 -0500","2015-10-24 17:55:25 -0500"
"10619109","27897393","1344102","","","","","","","","2015-10-24 17:56:31 -0500","2015-10-24 17:56:31 -0500"
"10619115","27897399","1344102","","","","","","","","2015-10-24 17:57:38 -0500","2015-10-24 17:57:38 -0500"
"10619121","27897402","1344102","","","","","","","","2015-10-24 17:58:44 -0500","2015-10-24 17:58:44 -0500"
"10619127","27897411","1344102","","","","","","","","2015-10-24 17:59:36 -0500","2015-10-24 17:59:36 -0500"
"10665474","28004406","1448677","","","","","","","","2015-11-05 17:09:08 -0600","2015-11-05 17:09:08 -0600"
"10692300","28060353","1448677","","","","","","","","2015-11-10 16:36:23 -0600","2015-11-10 16:36:23 -0600"
"10692339","28060449","1448677","","","","","","","","2015-11-10 17:08:19 -0600","2015-11-10 17:08:19 -0600"
"10692360","28060479","1448677","","","","","","","","2015-11-10 17:16:49 -0600","2015-11-10 17:16:49 -0600"
"10692363","28060482","1448677","","","","","","","","2015-11-10 17:16:49 -0600","2015-11-10 17:16:49 -0600"
"10692366","28060485","1448677","","","","","","","","2015-11-10 17:16:49 -0600","2015-11-10 17:16:49 -0600"
"10692369","28060488","1448677","","","","","","","","2015-11-10 17:16:49 -0600","2015-11-10 17:16:49 -0600"
"10692372","28060491","1448677","","","","","","","","2015-11-10 17:16:49 -0600","2015-11-10 17:16:49 -0600"
"10692375","28060494","1448677","","","","","","","","2015-11-10 17:16:49 -0600","2015-11-10 17:16:49 -0600"
"10692378","28060497","1448677","","","","","","","","2015-11-10 17:16:49 -0600","2015-11-10 17:16:49 -0600"
"10692381","28060500","1448677","","","","","","","","2015-11-10 17:16:49 -0600","2015-11-10 17:16:49 -0600"
"10692384","28060503","1448677","","","","","","","","2015-11-10 17:16:49 -0600","2015-11-10 17:16:49 -0600"
"10692387","28060506","1448677","","","","","","","","2015-11-10 17:16:49 -0600","2015-11-10 17:16:49 -0600"
"10692390","28060509","1448677","","","","","","","","2015-11-10 17:16:49 -0600","2015-11-10 17:16:49 -0600"
"10692393","28060512","1448677","","","","","","","","2015-11-10 17:16:49 -0600","2015-11-10 17:16:49 -0600"
"10698258","28079199","1448677","","","","","","","","2015-11-11 18:11:15 -0600","2015-11-11 18:11:15 -0600"
"10698261","28079202","1448677","","","","","","","","2015-11-11 18:11:15 -0600","2015-11-11 18:11:15 -0600"
"10698264","28079205","1448677","","","","","","","","2015-11-11 18:11:15 -0600","2015-11-11 18:11:15 -0600"
"10698267","28079208","1448677","","","","","","","","2015-11-11 18:11:15 -0600","2015-11-11 18:11:15 -0600"
"10698273","28079214","1448677","","","","","","","","2015-11-11 18:11:16 -0600","2015-11-11 18:11:16 -0600"
"10698276","28079217","1448677","","","","","","","","2015-11-11 18:11:16 -0600","2015-11-11 18:11:16 -0600"
"10698279","28079220","1448677","","","","","","","","2015-11-11 18:11:16 -0600","2015-11-11 18:11:16 -0600"
"10698282","28079223","1448677","","","","","","","","2015-11-11 18:11:16 -0600","2015-11-11 18:11:16 -0600"
"10698285","28079226","1448677","","","","","","","","2015-11-11 18:11:16 -0600","2015-11-11 18:11:16 -0600"
"10698288","28079229","1448677","","","","","","","","2015-11-11 18:11:16 -0600","2015-11-11 18:11:16 -0600"
"10698291","28079232","1448677","","","","","","","","2015-11-11 18:11:16 -0600","2015-11-11 18:11:16 -0600"
"10710441","28109409","1448677","","","","","","","","2015-11-16 13:02:57 -0600","2015-11-16 13:02:57 -0600"
"10723269","28165191","1448677","","","","","","","","2015-11-18 17:59:39 -0600","2015-11-18 17:59:39 -0600"
"10732098","28186509","1448677","","","","","","","","2015-11-20 16:18:29 -0600","2015-11-20 16:18:29 -0600"
"10750539","28221609","1448677","","","","","","","","2015-11-26 09:16:02 -0600","2015-11-26 09:16:02 -0600"
"10750542","28221618","1448677","","","","","","","","2015-11-26 09:20:36 -0600","2015-11-26 09:20:36 -0600"
"10750815","28222293","1448677","","","","","","","","2015-11-26 16:44:54 -0600","2015-11-26 16:44:54 -0600"
"10751259","28224786","1448677","","","","","","","","2015-11-27 07:22:20 -0600","2015-11-27 07:22:20 -0600"
"10753404","28232583","1448677","","","","","","","","2015-11-28 08:38:42 -0600","2015-11-28 08:38:42 -0600"
"10754793","28234743","1448677","","","","","","","","2015-11-28 17:18:22 -0600","2015-11-28 17:18:22 -0600"
"10756434","28237455","1448677","","","","","","","","2015-11-29 08:41:34 -0600","2015-11-29 08:41:34 -0600"
"10756437","28237461","1448677","","","","","","","","2015-11-29 08:44:22 -0600","2015-11-29 08:44:22 -0600"
"10756443","28237467","1448677","","","","","","","","2015-11-29 08:47:03 -0600","2015-11-29 08:47:03 -0600"
"10765245","28260093","1448677","","","","","","","","2015-12-01 07:53:19 -0600","2015-12-01 07:53:19 -0600"
"10781283","28341351","1448677","","","","","","","","2015-12-03 21:45:33 -0600","2015-12-03 21:45:33 -0600"
"10788120","28358352","1448671","","","","","","","","2015-12-06 12:29:53 -0600","2015-12-06 12:30:47 -0600"
"10800639","28402569","1448677","","","","","","","","2015-12-08 10:44:33 -0600","2015-12-08 10:44:33 -0600"
"10809105","28434480","1448677","","","","","","","","2015-12-11 12:44:23 -0600","2015-12-11 12:44:23 -0600"
"10815924","28453236","1448677","","","","","","","","2015-12-14 15:27:40 -0600","2015-12-14 15:27:40 -0600"
"10818453","28469601","1448677","","","","","","","","2015-12-15 07:17:49 -0600","2015-12-15 07:17:49 -0600"
"10821414","28474710","1448677","","","","","","","","2015-12-15 15:37:09 -0600","2015-12-15 15:37:09 -0600"
"10821549","28474911","1448677","","","","","","","","2015-12-15 15:53:19 -0600","2015-12-15 15:53:19 -0600"
"10822005","28475673","1448677","","","","","","","","2015-12-15 18:52:29 -0600","2015-12-15 18:52:29 -0600"
"10839972","28552461","1448677","","","","","","","","2015-12-18 13:35:11 -0600","2015-12-18 13:35:11 -0600"
"10840023","28552542","1448677","","","","","","","","2015-12-18 13:54:22 -0600","2015-12-18 13:54:22 -0600"
"11088441","29128011","1448677","","","","","","","","2016-02-03 15:28:31 -0600","2016-02-03 15:28:31 -0600"
"11186082","29344287","1448677","","","","","","","","2016-02-16 21:03:42 -0600","2016-02-16 21:03:42 -0600"
"11194671","29359116","1448677","","","","","","","","2016-02-17 19:18:29 -0600","2016-02-17 19:18:29 -0600"
"11194674","29359122","1448677","","","","","","","","2016-02-17 19:19:46 -0600","2016-02-17 19:19:46 -0600"
"11199282","29366967","1448677","","","","","","","","2016-02-18 09:00:06 -0600","2016-02-18 09:00:06 -0600"
"11199285","29366970","1448677","","","","","","","","2016-02-18 09:01:21 -0600","2016-02-18 09:01:21 -0600"
"11199423","29367111","1448677","","","","","","","","2016-02-18 09:08:11 -0600","2016-02-18 09:08:11 -0600"
"11205417","29378331","1448677","","","","","","","","2016-02-18 20:15:47 -0600","2016-02-18 20:15:47 -0600"
"11216589","29400993","1448677","","","","","","","","2016-02-21 18:46:40 -0600","2016-02-21 18:46:40 -0600"
"11216598","29401005","1448677","","","","","","","","2016-02-21 18:48:57 -0600","2016-02-21 18:48:57 -0600"
"11216601","29401008","1448677","","","","","","","","2016-02-21 18:49:45 -0600","2016-02-21 18:49:45 -0600"
"11216622","29457861","1448677","","","","","","","","2016-02-21 18:56:41 -0600","2016-02-21 18:56:41 -0600"
"11227497","29525619","1448677","","","","","","","","2016-02-22 15:01:24 -0600","2016-02-22 15:01:24 -0600"
"11323308","29696520","1448677","","","","","","","","2016-02-23 14:34:07 -0600","2016-02-23 14:34:07 -0600"
"11323356","29696709","1448677","","","","","","","","2016-02-23 14:40:07 -0600","2016-02-23 14:40:07 -0600"
"11332509","29745381","1448677","","","","","","","","2016-02-24 18:07:11 -0600","2016-02-24 18:07:11 -0600"
"11344410","29767632","1448677","","","","","","","","2016-02-26 08:55:08 -0600","2016-02-26 08:55:08 -0600"
"11349264","29779866","1448677","","","","","","","","2016-02-27 10:22:16 -0600","2016-02-27 10:22:16 -0600"
"11354367","29788551","1448677","","","","","","","","2016-02-28 09:03:17 -0600","2016-02-28 09:03:17 -0600"
"11358192","29793636","1344099","","","","","","","","2016-02-28 17:29:12 -0600","2016-02-28 17:29:12 -0600"
"11358201","29793654","1448677","","","","","","","","2016-02-28 17:30:44 -0600","2016-02-28 17:30:44 -0600"
"11369604","29809692","1448677","","","","","","","","2016-02-29 18:28:04 -0600","2016-02-29 18:28:04 -0600"
"11394897","29860620","1448677","","","","","","","","2016-03-02 07:47:25 -0600","2016-03-02 07:47:25 -0600"
"11394903","29860632","1448677","","","","","","","","2016-03-02 07:49:09 -0600","2016-03-02 07:49:09 -0600"
"11394909","29860647","1448677","","","","","","","","2016-03-02 07:51:57 -0600","2016-03-02 07:51:57 -0600"
"11399031","29872293","1448677","","","","","","","","2016-03-02 19:49:51 -0600","2016-03-02 19:49:51 -0600"
"11410470","29890509","1448677","","","","","","","","2016-03-04 09:34:58 -0600","2016-03-04 09:34:58 -0600"
"11410473","29890512","1448677","","","","","","","","2016-03-04 09:35:52 -0600","2016-03-04 09:35:52 -0600"
"11413089","29911653","1448677","","","","","","","","2016-03-04 19:12:52 -0600","2016-03-04 19:12:52 -0600"
"11414691","29914143","1344102","","","","","","","","2016-03-05 08:56:48 -0600","2016-03-05 08:56:48 -0600"
"11418399","29919570","1448677","","","","","","","","2016-03-05 19:24:01 -0600","2016-03-05 19:24:01 -0600"
"11422236","29928903","1448677","","","","","","","","2016-03-06 15:57:55 -0600","2016-03-06 15:57:55 -0600"
"11422245","29928915","1448677","","","","","","","","2016-03-06 15:59:51 -0600","2016-03-06 15:59:51 -0600"
"11422251","29928924","1448677","","","","","","","","2016-03-06 16:00:34 -0600","2016-03-06 16:00:34 -0600"
"11422263","29928933","1448677","","","","","","","","2016-03-06 16:03:35 -0600","2016-03-06 16:03:35 -0600"
"11425458","29933877","1448677","","","","","","","","2016-03-07 08:29:50 -0600","2016-03-07 08:29:50 -0600"
"11441841","29975862","1448677","","","","","","","","2016-03-09 08:34:29 -0600","2016-03-09 08:34:29 -0600"
"11441859","29975880","1344099","","","","","","","","2016-03-09 08:35:34 -0600","2016-03-09 08:35:34 -0600"
"11448540","29989410","1448677","","","","","","","","2016-03-10 07:45:10 -0600","2016-03-10 07:45:10 -0600"
"11471163","30027819","1448677","","","","","","","","2016-03-13 18:53:49 -0500","2016-03-13 18:53:49 -0500"
"11471166","30027822","1344102","","","","","","","","2016-03-13 18:54:31 -0500","2016-03-13 18:54:31 -0500"
"11471169","30027825","1448677","","","","","","","","2016-03-13 18:55:05 -0500","2016-03-13 18:55:05 -0500"
"11478201","30041424","1448677","","","","","","","","2016-03-14 17:41:43 -0500","2016-03-14 17:41:43 -0500"
"11479932","30043767","1344102","","","","","","","","2016-03-14 19:26:33 -0500","2016-03-14 19:26:33 -0500"
"11507670","30122235","1448677","","","","","","","","2016-03-17 11:28:16 -0500","2016-03-17 11:28:16 -0500"
"11515593","30138378","1448677","","","","","","","","2016-03-18 11:52:15 -0500","2016-03-18 11:52:15 -0500"
"11528367","30156999","1448677","","","","","","","","2016-03-20 18:43:38 -0500","2016-03-20 18:43:38 -0500"
"11539314","30198291","1448677","","","","","","","","2016-03-21 18:51:21 -0500","2016-03-21 18:51:21 -0500"
"11541252","30200667","1448677","","","","","","","","2016-03-21 21:36:08 -0500","2016-03-21 21:36:08 -0500"
"11543517","30204096","1448677","","","","","","","","2016-03-22 10:12:34 -0500","2016-03-22 10:12:34 -0500"
"11578122","30259416","1448677","","","","","","","","2016-03-25 18:05:47 -0500","2016-11-04 19:16:08 -0500"
"11589414","30275829","1448677","","","","","","","","2016-03-28 07:30:07 -0500","2016-03-28 07:30:07 -0500"
"11617539","30321990","1448677","","","","","","","","2016-03-30 19:16:39 -0500","2016-03-30 19:16:56 -0500"
"11617572","30322026","1344099","","","","","","","","2016-03-30 19:19:30 -0500","2016-03-30 19:19:30 -0500"
"11704152","30551304","1448677","","","","","","","","2016-04-13 08:30:37 -0500","2016-04-13 08:30:37 -0500"
"11704155","30551310","1448677","","","","","","","","2016-04-13 08:31:14 -0500","2016-04-13 08:31:14 -0500"
"11762913","30727143","1448671","","","","","","","","2016-04-21 19:43:50 -0500","2016-04-21 19:43:50 -0500"
"11763342","23767167","1448671","","","","","","","","2016-04-21 19:49:40 -0500","2016-04-21 19:49:40 -0500"
"11763345","30727194","1448671","","","","","","","","2016-04-21 19:51:53 -0500","2016-04-21 19:51:53 -0500"
"11763357","22845128","1448671","","","","","","","","2016-04-21 19:54:34 -0500","2016-04-21 19:54:34 -0500"
"11765526","30730626","1344099","","","","","","","","2016-04-22 09:33:56 -0500","2016-04-22 09:33:56 -0500"
"11765535","30730635","1448677","","","","","","","","2016-04-22 09:34:33 -0500","2016-04-22 09:34:33 -0500"
"11788128","30770232","1448677","","","","","","","","2016-04-26 10:16:24 -0500","2016-04-26 10:16:24 -0500"
"11800908","30803667","1448677","","","","","","","","2016-04-28 09:25:34 -0500","2016-04-28 09:25:34 -0500"
"11800911","30803673","1448677","","","","","","","","2016-04-28 09:26:47 -0500","2016-04-28 09:26:47 -0500"
"11800920","30803688","1448677","","","","","","","","2016-04-28 09:28:53 -0500","2016-04-28 09:28:53 -0500"
"11800923","30803694","1448677","","","","","","","","2016-04-28 09:29:56 -0500","2016-04-28 09:29:56 -0500"
"11800926","30803697","1448677","","","","","","","","2016-04-28 09:31:23 -0500","2016-04-28 09:31:23 -0500"
"11842221","30892569","1448677","","","","","","","","2016-05-04 17:57:22 -0500","2016-05-04 17:57:22 -0500"
"11847273","30901218","1448677","","","","","","","","2016-05-06 11:10:19 -0500","2016-05-06 11:10:19 -0500"
"11860974","30928164","1448671","","","","","","","","2016-05-09 14:47:55 -0500","2016-05-09 14:47:55 -0500"
"11861010","30928236","1448671","","","","","","","","2016-05-09 14:54:41 -0500","2016-05-09 14:54:41 -0500"
"11869659","30943320","1448671","","","","","","","","2016-05-10 21:31:55 -0500","2016-05-10 21:31:55 -0500"
"11869875","30943509","1448671","","","","","","","","2016-05-10 21:36:46 -0500","2016-05-10 21:36:46 -0500"
"11874516","28170945","1448671","","","","","","","","2016-05-12 09:30:37 -0500","2016-05-12 09:30:37 -0500"
"11874519","30958194","1448671","","","","","","","","2016-05-12 09:33:20 -0500","2016-05-12 09:33:20 -0500"
"11874522","30958197","1448671","","","","","","","","2016-05-12 09:34:49 -0500","2016-05-12 09:34:49 -0500"
"11875998","30966807","1448671","","","","","","","","2016-05-12 15:07:15 -0500","2016-05-12 15:07:15 -0500"
"11876052","30966957","1448671","","","","","","","","2016-05-12 15:26:09 -0500","2016-05-12 15:26:09 -0500"
"11876061","29525460","1448671","","","","","","","","2016-05-12 15:28:07 -0500","2016-05-12 15:28:07 -0500"
"11963775","31252125","1448671","","","","","","","","2016-05-26 06:49:57 -0500","2016-05-26 06:49:57 -0500"
"11963781","31252128","1448671","","","","","","","","2016-05-26 06:52:29 -0500","2016-05-26 06:52:29 -0500"
"11963790","31252140","1581506","","","","","","","","2016-05-26 06:58:44 -0500","2016-05-26 06:58:44 -0500"
"11965191","31254309","1448677","","","","","","","","2016-05-26 11:54:53 -0500","2016-05-26 11:54:53 -0500"
"11965200","31254324","1448677","","","","","","","","2016-05-26 12:00:36 -0500","2016-05-26 12:00:36 -0500"
"11990733","28079160","1448671","","","","","","","","2016-05-31 15:09:47 -0500","2016-05-31 15:09:47 -0500"
"12318609","32091246","1448677","","","","","","","","2016-08-29 07:49:21 -0500","2016-08-29 07:49:21 -0500"
"12324618","32102775","1448677","","","","","","","","2016-08-31 07:16:45 -0500","2016-08-31 07:16:45 -0500"
"12341346","32131584","1448677","","","","","","","","2016-09-05 10:21:06 -0500","2016-09-05 10:21:06 -0500"
"12341364","32131605","1448677","","","","","","","","2016-09-05 10:23:46 -0500","2016-09-05 10:23:46 -0500"
"12341385","32131632","1448677","","","","","","","","2016-09-05 10:27:31 -0500","2016-09-05 10:27:31 -0500"
"12414843","32286285","1448677","","","","","","","","2016-09-22 19:06:00 -0500","2016-09-22 19:06:00 -0500"
"12443142","32325879","1448677","","","","","","","","2016-09-28 20:34:43 -0500","2016-09-28 20:34:43 -0500"
"12454413","32346759","1448677","","","","","","","","2016-10-02 16:52:36 -0500","2016-10-02 16:52:36 -0500"
"12454416","32346771","1448677","","","","","","","","2016-10-02 16:55:59 -0500","2016-10-02 16:55:59 -0500"
"12454980","32347398","1448677","","","","","","","","2016-10-02 19:08:38 -0500","2016-10-02 19:08:38 -0500"
"12456567","32349813","1448677","","","","","","","","2016-10-03 07:55:50 -0500","2016-10-03 07:55:50 -0500"
"12456579","32349843","1448677","","","","","","","","2016-10-03 08:03:31 -0500","2016-10-03 08:03:31 -0500"
"12461442","32357679","1448677","","","","","","","","2016-10-03 20:15:42 -0500","2016-10-03 20:15:42 -0500"
"12521286","32450541","1344099","","","","","","","","2016-10-13 17:32:25 -0500","2016-10-13 17:32:25 -0500"
"12529761","32462811","1448677","","","","","","","","2016-10-15 14:53:20 -0500","2016-10-15 14:53:20 -0500"
"12531981","32466228","1448677","","","","","","","","2016-10-16 16:27:25 -0500","2016-10-16 16:27:25 -0500"
"12532128","32466444","1448677","","","","","","","","2016-10-16 17:08:33 -0500","2016-10-16 17:08:33 -0500"
"12534117","32469384","1448677","","","","","","","","2016-10-17 08:04:21 -0500","2016-10-17 08:04:21 -0500"
"12578418","32541486","1448677","","","","","","","","2016-10-22 18:45:23 -0500","2016-10-22 18:45:23 -0500"
"12578475","32541543","1448677","","","","","","","","2016-10-22 18:51:43 -0500","2016-10-22 18:51:43 -0500"
"12584907","32548284","1448677","","","","","","","","2016-10-24 09:24:39 -0500","2016-10-24 09:24:39 -0500"
"12584913","32548323","1448677","","","","","","","","2016-10-24 09:30:01 -0500","2016-10-24 09:30:01 -0500"
"12590136","32570214","1448677","","","","","","","","2016-10-25 09:41:40 -0500","2016-10-25 09:41:40 -0500"
"12590151","32570247","1448677","","","","","","","","2016-10-25 09:46:56 -0500","2016-10-25 09:46:56 -0500"
"12608421","32607075","1448677","","","","","","","","2016-10-27 17:04:07 -0500","2016-10-27 17:04:07 -0500"
"12608448","32607117","1448677","","","","","","","","2016-10-27 17:08:26 -0500","2016-10-27 17:08:26 -0500"
"12608487","32607186","1448677","","","","","","","","2016-10-27 17:17:52 -0500","2016-10-27 17:17:52 -0500"
"12608505","32607207","1448677","","","","","","","","2016-10-27 17:21:20 -0500","2016-10-27 17:21:20 -0500"
"12608529","32607231","1448677","","","","","","","","2016-10-27 17:23:42 -0500","2016-10-27 17:23:42 -0500"
"12608553","32607234","1448677","","","","","","","","2016-10-27 17:25:46 -0500","2016-10-27 17:25:46 -0500"
"12608556","32607237","1448677","","","","","","","","2016-10-27 17:27:48 -0500","2016-10-27 17:27:48 -0500"
"12608559","32607240","1448677","","","","","","","","2016-10-27 17:30:55 -0500","2016-10-27 17:30:55 -0500"
"12608574","32607255","1448677","","","","","","","","2016-10-27 17:35:02 -0500","2016-10-27 17:35:02 -0500"
"12608580","32607261","1448677","","","","","","","","2016-10-27 17:38:19 -0500","2016-10-27 17:38:19 -0500"
"12608583","32607264","1448677","","","","","","","","2016-10-27 17:40:05 -0500","2016-10-27 17:40:05 -0500"
"12608595","32607294","1448677","","","","","","","","2016-10-27 17:45:33 -0500","2016-10-27 17:45:33 -0500"
"12608628","32607363","1448677","","","","","","","","2016-10-27 18:05:03 -0500","2016-10-27 18:05:03 -0500"
"12608637","32607375","1448677","","","","","","","","2016-10-27 18:08:07 -0500","2016-10-27 18:08:07 -0500"
"12608781","32607645","1448677","","","","","","","","2016-10-27 19:08:33 -0500","2016-10-27 19:08:33 -0500"
"12609627","32609334","1448677","","","","","","","","2016-10-28 06:15:20 -0500","2016-10-28 06:15:20 -0500"
"12609630","32609337","1448677","","","","","","","","2016-10-28 06:17:42 -0500","2016-10-28 06:17:42 -0500"
"12609669","32609376","1448677","","","","","","","","2016-10-28 06:22:08 -0500","2016-10-28 06:22:08 -0500"
"12609672","32609379","1448677","","","","","","","","2016-10-28 06:24:28 -0500","2016-10-28 06:24:28 -0500"
"12609675","32609382","1448677","","","","","","","","2016-10-28 06:27:07 -0500","2016-10-28 06:27:07 -0500"
"12609681","32609388","1448677","","","","","","","","2016-10-28 06:29:24 -0500","2016-10-28 06:29:24 -0500"
"12609684","32609391","1448677","","","","","","","","2016-10-28 06:31:15 -0500","2016-10-28 06:31:15 -0500"
"12609687","32609394","1448677","","","","","","","","2016-10-28 06:34:07 -0500","2016-10-28 06:34:07 -0500"
"12609690","32609397","1448677","","","","","","","","2016-10-28 06:36:51 -0500","2016-10-28 06:36:51 -0500"
"12609696","32609403","1448677","","","","","","","","2016-10-28 06:42:28 -0500","2016-10-28 06:42:28 -0500"
"12609699","32609406","1448677","","","","","","","","2016-10-28 06:43:53 -0500","2016-10-28 06:43:53 -0500"
"12609702","32609409","1448677","","","","","","","","2016-10-28 06:46:28 -0500","2016-10-28 06:46:28 -0500"
"12609705","32609415","1448677","","","","","","","","2016-10-28 06:48:46 -0500","2016-10-28 06:48:46 -0500"
"12609708","32609421","1448677","","","","","","","","2016-10-28 06:51:08 -0500","2016-10-28 06:51:08 -0500"
"12610080","32609964","1448677","","","","","","","","2016-10-28 09:24:25 -0500","2016-10-28 09:24:25 -0500"
"12610086","32609970","1448677","","","","","","","","2016-10-28 09:26:25 -0500","2016-10-28 09:26:25 -0500"
"12610092","32609979","1448677","","","","","","","","2016-10-28 09:28:34 -0500","2016-10-28 09:28:34 -0500"
"12610098","32609985","1448677","","","","","","","","2016-10-28 09:30:34 -0500","2016-10-28 09:30:34 -0500"
"12610104","32609997","1448677","","","","","","","","2016-10-28 09:32:28 -0500","2016-10-28 09:32:28 -0500"
"12610113","32610006","1448677","","","","","","","","2016-10-28 09:33:54 -0500","2016-10-28 09:33:54 -0500"
"12610125","32610021","1448677","","","","","","","","2016-10-28 09:36:06 -0500","2016-10-28 09:36:06 -0500"
"12610131","32610039","1448677","","","","","","","","2016-10-28 09:37:23 -0500","2016-10-28 09:37:23 -0500"
"12610140","32610048","1448677","","","","","","","","2016-10-28 09:39:01 -0500","2016-10-28 09:39:01 -0500"
"12610146","32610054","1448677","","","","","","","","2016-10-28 09:40:45 -0500","2016-10-28 09:40:45 -0500"
"12610158","32610069","1448677","","","","","","","","2016-10-28 09:42:30 -0500","2016-10-28 09:42:30 -0500"
"12610173","32610084","1448677","","","","","","","","2016-10-28 09:44:20 -0500","2016-10-28 09:44:20 -0500"
"12610179","32610093","1448677","","","","","","","","2016-10-28 09:46:08 -0500","2016-10-28 09:46:08 -0500"
"12610185","32610102","1448677","","","","","","","","2016-10-28 09:47:49 -0500","2016-10-28 09:47:49 -0500"
"12610203","32610123","1448677","","","","","","","","2016-10-28 09:49:58 -0500","2016-10-28 09:49:58 -0500"
"12610206","32610132","1448677","","","","","","","","2016-10-28 09:53:17 -0500","2016-10-28 09:53:17 -0500"
"12610212","32610141","1448677","","","","","","","","2016-10-28 09:56:53 -0500","2016-10-28 09:56:53 -0500"
"12610215","32610147","1448677","","","","","","","","2016-10-28 09:58:38 -0500","2016-10-28 09:58:38 -0500"
"12610221","32610153","1448677","","","","","","","","2016-10-28 10:00:36 -0500","2016-10-28 10:00:36 -0500"
"12610245","32610177","1448677","","","","","","","","2016-10-28 10:02:37 -0500","2016-10-28 10:02:37 -0500"
"12610254","32610189","1448677","","","","","","","","2016-10-28 10:04:23 -0500","2016-10-28 10:04:23 -0500"
"12610263","32610201","1448677","","","","","","","","2016-10-28 10:05:34 -0500","2016-10-28 10:05:34 -0500"
"12610293","32610234","1448677","","","","","","","","2016-10-28 10:07:46 -0500","2016-10-28 10:07:46 -0500"
"12610329","32610279","1448677","","","","","","","","2016-10-28 10:10:20 -0500","2016-10-28 10:10:20 -0500"
"12610338","32610294","1448677","","","","","","","","2016-10-28 10:13:09 -0500","2016-10-28 10:13:09 -0500"
"12610362","32610330","1448677","","","","","","","","2016-10-28 10:14:53 -0500","2016-10-28 10:14:53 -0500"
"12610401","32610381","1448677","","","","","","","","2016-10-28 10:17:26 -0500","2016-10-28 10:17:26 -0500"
"12610434","32610423","1448677","","","","","","","","2016-10-28 10:19:44 -0500","2016-10-28 10:19:44 -0500"
"12610443","32610435","1448677","","","","","","","","2016-10-28 10:21:42 -0500","2016-10-28 10:21:42 -0500"
"12610449","32610447","1448677","","","","","","","","2016-10-28 10:23:09 -0500","2016-10-28 10:23:09 -0500"
"12610461","32610465","1448677","","","","","","","","2016-10-28 10:25:26 -0500","2016-10-28 10:25:26 -0500"
"12610464","32610483","1448677","","","","","","","","2016-10-28 10:27:39 -0500","2016-10-28 10:27:39 -0500"
"12610467","32610501","1448677","","","","","","","","2016-10-28 10:29:47 -0500","2016-10-28 10:29:47 -0500"
"12610473","32610510","1448677","","","","","","","","2016-10-28 10:31:38 -0500","2016-10-28 10:31:38 -0500"
"12610479","32610522","1448677","","","","","","","","2016-10-28 10:33:34 -0500","2016-10-28 10:33:34 -0500"
"12610485","32610531","1448677","","","","","","","","2016-10-28 10:35:12 -0500","2016-10-28 10:35:12 -0500"
"12610491","32610537","1448677","","","","","","","","2016-10-28 10:36:40 -0500","2016-10-28 10:36:40 -0500"
"12610503","32610552","1448677","","","","","","","","2016-10-28 10:38:24 -0500","2016-10-28 10:38:24 -0500"
"12610515","32610564","1448677","","","","","","","","2016-10-28 10:40:11 -0500","2016-10-28 10:40:11 -0500"
"12610536","32610585","1448677","","","","","","","","2016-10-28 10:41:57 -0500","2016-10-28 10:41:57 -0500"
"12610560","32610609","1448677","","","","","","","","2016-10-28 10:43:57 -0500","2016-10-28 10:43:57 -0500"
"12622842","32626038","1448677","","","","","","","","2016-10-29 08:39:09 -0500","2016-10-29 08:39:09 -0500"
"12627033","32630799","1448677","","","","","","","","2016-10-29 18:51:23 -0500","2016-10-29 18:51:23 -0500"
"12632922","32645946","1448677","","","","","","","","2016-10-31 11:08:07 -0500","2016-10-31 11:08:07 -0500"
"12633006","32646042","1448677","","","","","","","","2016-10-31 11:13:04 -0500","2016-10-31 11:13:04 -0500"
"12633069","32646123","1448677","","","","","","","","2016-10-31 11:21:59 -0500","2016-10-31 11:21:59 -0500"
"12637491","32655279","1448677","","","","","","","","2016-11-01 14:28:39 -0500","2016-11-01 14:28:39 -0500"
"12637494","32655282","1448677","","","","","","","","2016-11-01 14:29:41 -0500","2016-11-01 14:29:41 -0500"
"12637497","32655285","1448677","","","","","","","","2016-11-01 14:30:35 -0500","2016-11-01 14:30:35 -0500"
"12637500","32655306","1448677","","","","","","","","2016-11-01 14:31:45 -0500","2016-11-01 14:31:45 -0500"
"12637503","32655321","1448677","","","","","","","","2016-11-01 14:32:26 -0500","2016-11-01 14:32:26 -0500"
"12637716","32655702","1448677","","","","","","","","2016-11-01 15:14:14 -0500","2016-11-01 15:14:14 -0500"
"12637728","32655714","1448677","","","","","","","","2016-11-01 15:15:13 -0500","2016-11-01 15:15:13 -0500"
"12637767","32655759","1448677","","","","","","","","2016-11-01 15:24:18 -0500","2016-11-01 15:24:18 -0500"
"12637893","32655903","1448677","","","","","","","","2016-11-01 15:53:03 -0500","2016-11-01 15:53:03 -0500"
"12638100","32656242","1448677","","","","","","","","2016-11-01 17:06:43 -0500","2016-11-01 17:06:43 -0500"
"12654558","32682873","1448677","","","","","","","","2016-11-06 18:44:48 -0600","2016-11-06 18:44:48 -0600"
"12654567","32682897","1448677","","","","","","","","2016-11-06 18:48:04 -0600","2016-11-06 18:48:04 -0600"
"12654591","32682957","1448677","","","","","","","","2016-11-06 18:52:08 -0600","2016-11-06 18:52:08 -0600"
"12654621","32682984","1448677","","","","","","","","2016-11-06 18:58:08 -0600","2016-11-06 18:58:08 -0600"
"12655731","32685663","1448677","","","","","","","","2016-11-07 07:47:47 -0600","2016-11-07 07:47:47 -0600"
"12659589","32690280","1448677","","","","","","","","2016-11-07 12:01:39 -0600","2016-11-07 12:01:39 -0600"
"12663993","32697084","1448677","","","","","","","","2016-11-08 07:05:44 -0600","2016-11-08 07:05:44 -0600"
"12700983","32768802","1448677","","","","","","","","2016-11-14 18:14:01 -0600","2016-11-14 18:14:01 -0600"
"12751254","32859621","1448677","","","","","","","","2016-11-20 18:24:19 -0600","2016-11-20 18:24:19 -0600"
"12772923","32929854","1448677","","","","","","","","2016-11-25 16:22:06 -0600","2016-11-25 16:22:06 -0600"
"12779046","32942640","1448677","","","","","","","","2016-11-27 17:13:05 -0600","2016-11-27 17:13:05 -0600"
"12894456","33205662","1448677","","","","","","","","2016-12-19 18:18:32 -0600","2016-12-19 18:18:32 -0600"
"13115244","33564129","1448677","","","","","","","","2017-01-16 18:12:23 -0600","2017-01-16 18:12:23 -0600"
"13162056","33655617","1448677","","","","","","","","2017-01-23 20:03:19 -0600","2017-01-23 20:03:19 -0600"
"13183860","33705156","1448677","","","","","","","","2017-01-27 15:39:39 -0600","2017-01-27 15:39:39 -0600"
"13188945","33712425","1448677","","","","","","","","2017-01-28 16:56:58 -0600","2017-01-28 16:56:58 -0600"
"13188954","33712449","1448677","","","","","","","","2017-01-28 17:05:28 -0600","2017-01-28 17:05:28 -0600"
"13188957","33712458","1448677","","","","","","","","2017-01-28 17:08:04 -0600","2017-01-28 17:08:04 -0600"
"13195077","33721653","1448677","","","","","","","","2017-01-30 12:23:08 -0600","2017-01-30 12:23:08 -0600"
"13195083","33721659","1448677","","","","","","","","2017-01-30 12:24:17 -0600","2017-01-30 12:24:17 -0600"
"13205718","33737382","1448677","","","","","","","","2017-01-31 16:48:48 -0600","2017-01-31 16:48:48 -0600"
"13232478","33826305","1448677","","","","","","","","2017-02-05 21:45:19 -0600","2017-02-05 21:45:19 -0600"
"13232538","33826365","1448677","","","","","","","","2017-02-05 21:47:01 -0600","2017-02-05 21:47:01 -0600"
"13233810","33843501","1448677","","","","","","","","2017-02-06 09:49:31 -0600","2017-02-06 09:49:31 -0600"
"13233822","33843513","1448677","","","","","","","","2017-02-06 09:52:18 -0600","2017-02-06 09:52:18 -0600"
"13241073","33852831","1448677","","","","","","","","2017-02-06 15:57:04 -0600","2017-02-06 15:57:04 -0600"
"13241244","33853083","1448677","","","","","","","","2017-02-06 16:07:48 -0600","2017-02-06 16:07:48 -0600"
"13241292","33853209","1448677","","","","","","","","2017-02-06 16:17:40 -0600","2017-02-06 16:17:40 -0600"
"13241343","33853374","1448677","","","","","","","","2017-02-06 16:33:31 -0600","2017-02-06 16:33:31 -0600"
"13241382","33853479","1448677","","","","","","","","2017-02-06 16:44:38 -0600","2017-02-06 16:44:38 -0600"
"13241517","33853713","1448677","","","","","","","","2017-02-06 16:53:46 -0600","2017-02-06 16:53:46 -0600"
"13251093","33894531","1448677","","","","","","","","2017-02-08 08:43:43 -0600","2017-02-08 08:43:43 -0600"
"13257564","33915591","1448677","","","","","","","","2017-02-08 17:17:41 -0600","2017-02-08 17:17:41 -0600"
"13257579","33915615","1448677","","","","","","","","2017-02-08 17:21:32 -0600","2017-02-08 17:21:32 -0600"
"13258374","33916884","1448677","","","","","","","","2017-02-08 20:03:36 -0600","2017-02-08 20:03:36 -0600"
"13260405","33934230","1448677","","","","","","","","2017-02-09 09:49:05 -0600","2017-02-09 09:49:05 -0600"
"13264401","33953046","1448677","","","","","","","","2017-02-09 16:17:49 -0600","2017-02-09 16:17:49 -0600"
"13264410","33953055","1448677","","","","","","","","2017-02-09 16:19:19 -0600","2017-02-09 16:19:19 -0600"
"13267437","33962808","1448677","","","","","","","","2017-02-10 10:04:12 -0600","2017-02-10 10:04:12 -0600"
"13267452","33962832","1448677","","","","","","","","2017-02-10 10:07:35 -0600","2017-02-10 10:07:35 -0600"
"13272621","33969663","1448677","","","","","","","","2017-02-11 08:27:05 -0600","2017-02-11 08:27:05 -0600"
"13272627","33969669","1448677","","","","","","","","2017-02-11 08:28:17 -0600","2017-02-11 08:28:17 -0600"
"13272681","33969693","1448677","","","","","","","","2017-02-11 08:36:30 -0600","2017-02-11 08:36:30 -0600"
"13272690","33969699","1448677","","","","","","","","2017-02-11 08:38:13 -0600","2017-02-11 08:38:13 -0600"
"13272843","33969858","1448677","","","","","","","","2017-02-11 09:03:03 -0600","2017-02-11 09:03:03 -0600"
"13275180","33972693","1448677","","","","","","","","2017-02-11 16:20:32 -0600","2017-02-11 16:20:32 -0600"
"13275201","33972720","1448677","","","","","","","","2017-02-11 16:23:45 -0600","2017-02-11 16:23:45 -0600"
"13276449","33975204","1448677","","","","","","","","2017-02-11 23:10:00 -0600","2017-02-11 23:10:00 -0600"
"13276452","33975207","1448677","","","","","","","","2017-02-11 23:11:02 -0600","2017-02-11 23:11:02 -0600"
"13276455","33975210","1448677","","","","","","","","2017-02-11 23:13:16 -0600","2017-02-11 23:13:16 -0600"
"13276467","33975222","1448677","","","","","","","","2017-02-11 23:15:17 -0600","2017-02-11 23:15:17 -0600"
"13276479","33975234","1448677","","","","","","","","2017-02-11 23:17:25 -0600","2017-02-11 23:17:25 -0600"
"13280340","33981759","1448677","","","","","","","","2017-02-12 19:03:59 -0600","2017-02-12 19:03:59 -0600"
"13280346","33981768","1448677","","","","","","","","2017-02-12 19:05:03 -0600","2017-02-12 19:05:03 -0600"
"13280355","33981783","1448677","","","","","","","","2017-02-12 19:06:21 -0600","2017-02-12 19:06:21 -0600"
"13280358","33981801","1448677","","","","","","","","2017-02-12 19:08:20 -0600","2017-02-12 19:08:20 -0600"
"13280403","33982245","1448677","","","","","","","","2017-02-12 19:20:45 -0600","2017-02-12 19:20:45 -0600"
"13282932","33993837","1448677","","","","","","","","2017-02-13 10:06:05 -0600","2017-02-13 10:06:05 -0600"
"13295148","34017444","1448677","","","","","","","","2017-02-14 22:26:05 -0600","2017-02-14 22:26:05 -0600"
"13296646","34018748","1448677","","","","","","","","2017-02-15 08:10:42 -0600","2017-02-15 08:10:42 -0600"
"13304048","34028264","1448677","","","","","","","","2017-02-15 18:38:54 -0600","2017-02-15 18:38:54 -0600"
"13304084","34028309","1448677","","","","","","","","2017-02-15 18:41:45 -0600","2017-02-15 18:41:45 -0600"
"13311233","34039043","1448677","","","","","","","","2017-02-16 19:47:54 -0600","2017-02-16 19:47:54 -0600"
"13311242","34039061","1448677","","","","","","","","2017-02-16 19:48:38 -0600","2017-02-16 19:48:38 -0600"
"13311257","34039091","1448677","","","","","","","","2017-02-16 19:50:46 -0600","2017-02-16 19:50:46 -0600"
"13311272","34039139","1448677","","","","","","","","2017-02-16 19:52:28 -0600","2017-02-16 19:52:28 -0600"
"13314809","34048484","1448677","","","","","","","","2017-02-17 11:52:40 -0600","2017-02-17 11:52:40 -0600"
"13343966","34109840","1448677","","","","","","","","2017-02-21 07:04:32 -0600","2017-02-21 07:04:32 -0600"
"13351682","34121774","1448677","","","","","","","","2017-02-22 06:18:32 -0600","2017-02-22 06:18:32 -0600"
"13351685","34121777","1448677","","","","","","","","2017-02-22 06:22:58 -0600","2017-02-22 06:22:58 -0600"
"13351688","34121780","1448677","","","","","","","","2017-02-22 06:24:18 -0600","2017-02-22 06:24:18 -0600"
"13351691","34121783","1448677","","","","","","","","2017-02-22 06:25:15 -0600","2017-02-22 06:25:15 -0600"
"13351694","34121786","1448677","","","","","","","","2017-02-22 06:26:10 -0600","2017-02-22 06:26:10 -0600"
"13355507","34136495","1448677","","","","","","","","2017-02-22 14:51:11 -0600","2017-02-22 14:51:11 -0600"
"13358255","34152590","1448677","","","","","","","","2017-02-23 06:34:25 -0600","2017-02-23 06:34:25 -0600"
"13364114","34185194","1448677","","","","","","","","2017-02-24 07:08:19 -0600","2017-02-24 07:08:19 -0600"
"13364120","34185221","1448677","","","","","","","","2017-02-24 07:09:47 -0600","2017-02-24 07:09:47 -0600"
"13364129","34185230","1448677","","","","","","","","2017-02-24 07:11:00 -0600","2017-02-24 07:11:00 -0600"
"13364138","34185239","1448677","","","","","","","","2017-02-24 07:12:05 -0600","2017-02-24 07:12:05 -0600"
"13364147","34185260","1448677","","","","","","","","2017-02-24 07:13:19 -0600","2017-02-24 07:13:19 -0600"
"13365743","34187423","1448677","","","","","","","","2017-02-24 10:58:40 -0600","2017-02-24 10:58:40 -0600"
"13365749","34187441","1448677","","","","","","","","2017-02-24 11:00:29 -0600","2017-02-24 11:00:29 -0600"
"13419140","34314986","1448677","","","","","","","","2017-03-01 18:35:01 -0600","2017-03-01 18:35:01 -0600"
"13419164","34315016","1448677","","","","","","","","2017-03-01 18:37:41 -0600","2017-03-01 18:37:41 -0600"
"13419176","34315034","1448677","","","","","","","","2017-03-01 18:38:53 -0600","2017-03-01 18:38:53 -0600"
"13495982","34441751","1448677","","","","","","","","2017-03-11 18:36:08 -0600","2017-03-11 18:36:08 -0600"
"13496378","34442213","1448677","","","","","","","","2017-03-11 19:04:03 -0600","2017-03-11 19:04:03 -0600"
"13496408","34442261","1448677","","","","","","","","2017-03-11 19:09:19 -0600","2017-03-11 19:09:19 -0600"
"13496558","34442507","1448677","","","","","","","","2017-03-11 19:39:39 -0600","2017-03-11 19:39:39 -0600"
"13496567","34442522","1448677","","","","","","","","2017-03-11 19:42:44 -0600","2017-03-11 19:42:44 -0600"
"13496576","34442531","1448677","","","","","","","","2017-03-11 19:45:16 -0600","2017-03-11 19:45:16 -0600"
"13496585","34442540","1448677","","","","","","","","2017-03-11 19:47:17 -0600","2017-03-11 19:47:17 -0600"
"13496597","34442552","1448677","","","","","","","","2017-03-11 19:49:23 -0600","2017-03-11 19:49:23 -0600"
"13496600","34442555","1448677","","","","","","","","2017-03-11 19:52:35 -0600","2017-03-11 19:52:35 -0600"
"13496612","34442567","1448677","","","","","","","","2017-03-11 19:58:31 -0600","2017-03-11 19:58:31 -0600"
"13496621","34442576","1448677","","","","","","","","2017-03-11 20:00:37 -0600","2017-03-11 20:00:37 -0600"
"13496666","34442642","1448677","","","","","","","","2017-03-11 20:19:25 -0600","2017-03-11 20:19:25 -0600"
"13511978","34465559","1448677","","","","","","","","2017-03-13 18:04:23 -0500","2017-03-13 18:04:23 -0500"
"13533545","34496306","1448677","","","","","","","","2017-03-15 18:17:11 -0500","2017-03-15 18:17:11 -0500"
"13533554","34496315","1448677","","","","","","","","2017-03-15 18:17:49 -0500","2017-03-15 18:17:49 -0500"
"13559690","34545743","1448677","","","","","","","","2017-03-19 18:35:39 -0500","2017-03-19 18:35:39 -0500"
"13559720","34545785","1448677","","","","","","","","2017-03-19 18:38:09 -0500","2017-03-19 18:38:09 -0500"
"13559759","34545833","1448677","","","","","","","","2017-03-19 18:42:37 -0500","2017-03-19 18:42:37 -0500"
"13559783","34545869","1448677","","","","","","","","2017-03-19 18:44:38 -0500","2017-03-19 18:44:38 -0500"
"13559810","34545908","1448677","","","","","","","","2017-03-19 18:46:33 -0500","2017-03-19 18:46:33 -0500"
"13559828","34545932","1448677","","","","","","","","2017-03-19 18:48:25 -0500","2017-03-19 18:48:25 -0500"
"13559846","34545956","1448677","","","","","","","","2017-03-19 18:49:44 -0500","2017-03-19 18:49:44 -0500"
"13760793","34889670","1448677","","","","","","","","2017-04-09 11:06:49 -0500","2017-04-09 11:06:49 -0500"
"13760799","34889676","1448677","","","","","","","","2017-04-09 11:09:14 -0500","2017-04-09 11:09:14 -0500"
"13760808","34889688","1448677","","","","","","","","2017-04-09 11:11:35 -0500","2017-04-09 11:11:35 -0500"
"13760814","34889700","1344102","","","","","","","","2017-04-09 11:13:41 -0500","2017-04-09 11:13:41 -0500"
"13760823","34889736","1448677","","","","","","","","2017-04-09 11:19:01 -0500","2017-04-09 11:19:01 -0500"
"13760826","34889742","1448677","","","","","","","","2017-04-09 11:20:36 -0500","2017-04-09 11:20:36 -0500"
"13760832","34889751","1448677","","","","","","","","2017-04-09 11:22:18 -0500","2017-04-09 11:22:18 -0500"
"13760844","34889775","1448677","","","","","","","","2017-04-09 11:26:15 -0500","2017-04-09 11:26:15 -0500"
"13821867","34999098","1448677","","","","","","","","2017-04-17 10:09:52 -0500","2017-04-17 10:09:52 -0500"
"13821879","34999137","1448677","","","","","","","","2017-04-17 10:12:15 -0500","2017-04-17 10:12:15 -0500"
"13821888","34999164","1448677","","","","","","","","2017-04-17 10:13:50 -0500","2017-04-17 10:13:50 -0500"
"13836099","35035059","1448677","","","","","","","","2017-04-18 20:33:09 -0500","2017-04-18 20:33:09 -0500"
"13955487","35243679","1448677","","","","","","","","2017-05-04 17:27:12 -0500","2017-05-04 17:27:12 -0500"
"13958295","35248413","1448677","","","","","","","","2017-05-05 10:42:07 -0500","2017-05-05 10:42:07 -0500"
"13961724","35252868","1448677","","","","","","","","2017-05-05 16:11:49 -0500","2017-05-05 16:11:49 -0500"
"14531682","36446397","1448677","","","","","","","","2017-09-21 15:14:56 -0500","2017-09-21 15:14:56 -0500"
"14570862","36499026","1448677","","","","","","","","2017-09-28 07:47:50 -0500","2017-09-28 07:47:50 -0500"
"14581461","36522072","1448677","","","","","","","","2017-10-01 13:16:40 -0500","2017-10-01 13:16:40 -0500"
"14581485","36522099","1448677","","","","","","","","2017-10-01 13:25:14 -0500","2017-10-01 13:25:14 -0500"
"14583867","36525819","1448677","","","","","","","","2017-10-02 07:12:23 -0500","2017-10-02 07:12:23 -0500"
"14643186","36637479","1448677","","","","","","","","2017-10-11 17:45:08 -0500","2017-10-11 17:45:08 -0500"
"14695356","36706923","1448677","","","","","","","","2017-10-19 17:31:08 -0500","2017-10-19 17:31:08 -0500"
"14695365","36706944","1448677","","","","","","","","2017-10-19 17:37:27 -0500","2017-10-19 17:37:27 -0500"
"14695407","36706992","1448677","","","","","","","","2017-10-19 17:54:02 -0500","2017-10-19 17:54:02 -0500"
"14697402","36716562","1448677","","","","","","","","2017-10-20 08:37:10 -0500","2017-10-20 08:37:10 -0500"
"14778090","37005846","1448677","","","","","","","","2017-11-05 06:37:59 -0600","2017-11-05 06:37:59 -0600"
"15257961","61991583","1448677","","","","","","","","2018-01-24 09:37:21 -0600","2018-01-24 09:37:21 -0600"
"15257979","61991610","1448677","","","","","","","","2018-01-24 09:40:13 -0600","2018-01-24 09:40:13 -0600"
"15257985","61991628","1448677","","","","","","","","2018-01-24 09:42:13 -0600","2018-01-24 09:42:13 -0600"
"15257988","61991637","1448677","","","","","","","","2018-01-24 09:43:52 -0600","2018-01-24 09:43:52 -0600"
"15283944","62031498","1448677","","","","","","","","2018-01-25 15:04:20 -0600","2018-01-25 15:04:20 -0600"
"15283962","62031519","1448677","","","","","","","","2018-01-25 15:07:03 -0600","2018-01-25 15:07:03 -0600"
"15283992","62031558","1448677","","","","","","","","2018-01-25 15:10:21 -0600","2018-01-25 15:10:21 -0600"
"15284013","62031591","1448677","","","","","","","","2018-01-25 15:12:21 -0600","2018-01-25 15:12:21 -0600"
"15284031","62031612","1448677","","","","","","","","2018-01-25 15:14:33 -0600","2018-01-25 15:14:33 -0600"
"15308649","62064219","1448677","","","","","","","","2018-01-29 10:37:37 -0600","2018-01-29 10:37:37 -0600"
"15356793","62145150","1448677","","","","","","","","2018-02-04 09:52:53 -0600","2018-02-04 09:52:53 -0600"
"15356808","62145240","1448677","","","","","","","","2018-02-04 09:55:19 -0600","2018-02-04 09:55:19 -0600"
"15356829","62145267","1448677","","","","","","","","2018-02-04 10:02:43 -0600","2018-02-04 10:02:43 -0600"
"15358143","62147142","1448677","","","","","","","","2018-02-04 15:15:56 -0600","2018-02-04 15:15:56 -0600"
"15358563","62147817","1448677","","","","","","","","2018-02-04 17:35:07 -0600","2018-02-04 17:35:07 -0600"
"15358860","62148528","1448677","","","","","","","","2018-02-04 18:54:20 -0600","2018-02-04 18:54:20 -0600"
"15358869","62148537","1448677","","","","","","","","2018-02-04 18:57:13 -0600","2018-02-04 18:57:13 -0600"
"15358878","62148546","1448677","","","","","","","","2018-02-04 18:59:12 -0600","2018-02-04 18:59:12 -0600"
"15358887","62148558","1448677","","","","","","","","2018-02-04 19:00:33 -0600","2018-02-04 19:00:33 -0600"
"15358893","62148567","1448677","","","","","","","","2018-02-04 19:01:33 -0600","2018-02-04 19:01:33 -0600"
"15365715","62158695","1448677","","","","","","","","2018-02-05 17:13:40 -0600","2018-02-05 17:13:40 -0600"
"15389781","62202498","1448677","","","","","","","","2018-02-07 19:47:20 -0600","2018-02-07 19:47:20 -0600"
"15395799","62218500","1448677","","","","","","","","2018-02-08 18:30:45 -0600","2018-02-08 18:30:45 -0600"
"15395925","62218686","1448677","","","","","","","","2018-02-08 18:53:18 -0600","2018-02-08 18:53:18 -0600"
"15401175","62226015","1448677","","","","","","","","2018-02-09 16:09:25 -0600","2018-02-09 16:09:25 -0600"
"15404928","62231478","1448677","","","","","","","","2018-02-10 09:03:25 -0600","2018-02-10 09:03:25 -0600"
"15411129","62240238","1448677","","","","","","","","2018-02-11 15:54:35 -0600","2018-02-11 15:54:35 -0600"
"15411684","62241069","1448677","","","","","","","","2018-02-11 17:05:03 -0600","2018-02-11 17:05:03 -0600"
"15442200","62285220","1448677","","","","","","","","2018-02-15 11:38:39 -0600","2018-02-15 11:38:39 -0600"
"15442221","62285241","1448677","","","","","","","","2018-02-15 11:39:58 -0600","2018-02-15 11:39:58 -0600"
"15476796","62361204","1448677","","","","","","","","2018-02-20 06:00:32 -0600","2018-02-20 06:00:32 -0600"
"15476799","62361207","1448677","","","","","","","","2018-02-20 06:04:39 -0600","2018-02-20 06:04:39 -0600"
"15476802","62361213","1448677","","","","","","","","2018-02-20 06:06:26 -0600","2018-02-20 06:06:26 -0600"
"15476805","62361216","1448677","","","","","","","","2018-02-20 06:08:16 -0600","2018-02-20 06:08:16 -0600"
"15476811","62361225","1448677","","","","","","","","2018-02-20 06:09:48 -0600","2018-02-20 06:09:48 -0600"
"15476814","62361228","1448677","","","","","","","","2018-02-20 06:12:32 -0600","2018-02-20 06:12:32 -0600"
"15745959","62806815","1448677","","","","","","","","2018-03-19 12:33:07 -0500","2018-03-19 12:33:07 -0500"
"16055183","63365447","1448677","","","","","","","","2018-04-19 07:16:09 -0500","2018-04-19 07:16:09 -0500"
"16055192","63365456","1448677","","","","","","","","2018-04-19 07:19:02 -0500","2018-04-19 07:19:02 -0500"
"16092659","63415760","1448677","","","","","","","","2018-04-22 06:19:20 -0500","2018-04-22 06:19:20 -0500"
"16092668","63415769","1448677","","","","","","","","2018-04-22 06:21:24 -0500","2018-04-22 06:21:24 -0500"
"16092671","63415772","1448677","","","","","","","","2018-04-22 06:23:33 -0500","2018-04-22 06:23:33 -0500"
"16092686","63415787","1448677","","","","","","","","2018-04-22 06:26:13 -0500","2018-04-22 06:26:13 -0500"
"16092704","63415805","1448677","","","","","","","","2018-04-22 06:29:17 -0500","2018-04-22 06:29:17 -0500"
"16092713","63415814","1448677","","","","","","","","2018-04-22 06:31:33 -0500","2018-04-22 06:31:33 -0500"
"16092716","63415817","1448677","","","","","","","","2018-04-22 06:32:50 -0500","2018-04-22 06:32:50 -0500"
"16092719","63415820","1448677","","","","","","","","2018-04-22 06:34:47 -0500","2018-04-22 06:34:47 -0500"
"16092725","63415826","1448677","","","","","","","","2018-04-22 06:36:57 -0500","2018-04-22 06:36:57 -0500"
"16092749","63415850","1448677","","","","","","","","2018-04-22 06:41:32 -0500","2018-04-22 06:41:32 -0500"
"16092758","63415859","1448677","","","","","","","","2018-04-22 06:42:54 -0500","2018-04-22 06:42:54 -0500"
"16092764","63415865","1448677","","","","","","","","2018-04-22 06:45:12 -0500","2018-04-22 06:45:12 -0500"
"16092797","63415898","1448677","","","","","","","","2018-04-22 06:50:30 -0500","2018-04-22 06:50:30 -0500"
"16092803","63415904","1448677","","","","","","","","2018-04-22 06:51:59 -0500","2018-04-22 06:51:59 -0500"
"16092806","63415910","1448677","","","","","","","","2018-04-22 06:53:46 -0500","2018-04-22 06:53:46 -0500"
"16092809","63415913","1448677","","","","","","","","2018-04-22 06:55:48 -0500","2018-04-22 06:55:48 -0500"
"16092812","63415916","1448677","","","","","","","","2018-04-22 06:57:15 -0500","2018-04-22 06:57:15 -0500"
"16092815","63415919","1448677","","","","","","","","2018-04-22 06:58:55 -0500","2018-04-22 06:58:55 -0500"
"16092818","63415922","1448677","","","","","","","","2018-04-22 07:00:27 -0500","2018-04-22 07:00:27 -0500"
"16092821","63415928","1448677","","","","","","","","2018-04-22 07:02:08 -0500","2018-04-22 07:02:08 -0500"
"16092827","63415934","1448677","","","","","","","","2018-04-22 07:03:48 -0500","2018-04-22 07:03:48 -0500"
"16092830","63415940","1448677","","","","","","","","2018-04-22 07:05:47 -0500","2018-04-22 07:05:47 -0500"
"16092833","63415946","1448677","","","","","","","","2018-04-22 07:07:07 -0500","2018-04-22 07:07:07 -0500"
"16092836","63415949","1448677","","","","","","","","2018-04-22 07:08:23 -0500","2018-04-22 07:08:23 -0500"
"16092839","63415952","1448677","","","","","","","","2018-04-22 07:10:30 -0500","2018-04-22 07:10:30 -0500"
