"id","animal_id","check_date","check_method","result","ultrasound_sex","time_pregnant","expected_due_date","comments","created_at","updated_at"
"3287635","19692244","2013-11-16","Palpation","Pregnant","","8","2013-12-26","","2013-11-18 09:16:28 -0600","2013-11-18 09:16:56 -0600"
"3751702","21819892","2014-05-16","Blood","Pregnant","","","","","2014-05-20 15:36:39 -0500","2014-05-20 15:36:39 -0500"
"3751705","21819877","2014-05-16","Blood","Pregnant","","","","","2014-05-20 15:36:39 -0500","2014-05-20 15:36:39 -0500"
"3751708","21819886","2014-05-16","Blood","Pregnant","","","","","2014-05-20 15:36:39 -0500","2014-05-20 15:36:39 -0500"
"3751711","21819760","2014-05-16","Blood","Open","","","","","2014-05-20 15:36:39 -0500","2014-05-20 15:36:39 -0500"
"3751714","21819781","2014-05-16","Blood","Pregnant","","","","","2014-05-20 15:36:39 -0500","2014-05-20 15:36:39 -0500"
"3751717","21819703","2014-05-16","Blood","Pregnant","","","","","2014-05-20 15:36:39 -0500","2014-05-20 15:36:39 -0500"
"3751720","21819835","2014-05-16","Blood","Pregnant","","","","","2014-05-20 15:36:39 -0500","2015-01-15 16:43:39 -0600"
"3751723","21819736","2014-05-16","Blood","Pregnant","","","","","2014-05-20 15:36:39 -0500","2014-05-20 15:36:39 -0500"
"3751729","21818383","2014-05-16","Blood","Pregnant","","","","","2014-05-20 15:37:48 -0500","2014-05-20 15:37:48 -0500"
"3751732","21818413","2014-05-16","Blood","Pregnant","","","","","2014-05-20 15:37:48 -0500","2014-05-20 15:37:48 -0500"
"3782716","20493706","2014-06-10","Ultrasound","Open","","","","","2014-06-12 21:59:59 -0500","2014-06-12 21:59:59 -0500"
"3792407","20493625","2014-06-24","Observation","Open","","","","Standing heat","2014-06-25 10:16:34 -0500","2014-06-25 10:16:34 -0500"
"3793856","20469046","2014-06-25","Observation","Open","","","","","2014-06-26 06:29:49 -0500","2014-06-26 06:29:49 -0500"
"3799025","19610913","2014-07-01","Ultrasound","Open","","","","","2014-07-01 12:06:54 -0500","2014-07-01 12:06:54 -0500"
"3799028","21819781","2014-07-01","Ultrasound","Pregnant","Bull","70","2015-02-01","","2014-07-01 12:08:25 -0500","2014-07-01 12:08:25 -0500"
"3799034","21819886","2014-07-01","Ultrasound","Pregnant","","60","2015-02-11","","2014-07-01 12:09:30 -0500","2014-07-01 12:09:30 -0500"
"3799037","21819760","2014-07-01","Ultrasound","Open","","","","","2014-07-01 12:09:57 -0500","2014-07-01 12:09:57 -0500"
"3799046","21819703","2014-07-01","Ultrasound","Pregnant","Heifer","65","2015-02-06","","2014-07-01 12:11:09 -0500","2014-07-01 12:11:09 -0500"
"3799049","22047349","2014-07-01","Ultrasound","Pregnant","","4","2014-12-11","","2014-07-01 12:12:20 -0500","2014-07-01 12:12:20 -0500"
"3799055","20493550","2014-07-01","Ultrasound","Pregnant","","65","2015-02-06","","2014-07-01 12:13:28 -0500","2014-07-01 12:13:28 -0500"
"3799067","21819736","2014-07-01","Ultrasound","Pregnant","Bull","55","2015-02-16","","2014-07-01 12:14:30 -0500","2014-07-01 12:14:30 -0500"
"3799070","21819877","2014-07-01","Ultrasound","Pregnant","Heifer","55","2015-02-16","","2014-07-01 12:15:19 -0500","2014-07-01 12:15:19 -0500"
"3799088","21819892","2014-07-01","Ultrasound","Pregnant","Heifer","65","2015-02-06","","2014-07-01 12:15:47 -0500","2014-07-01 12:15:47 -0500"
"3799091","21819835","2014-07-01","Ultrasound","Pregnant","Bull","60","2015-02-15","","2014-07-01 12:16:19 -0500","2015-01-15 16:44:22 -0600"
"3799094","20493472","2014-07-01","Ultrasound","Pregnant","","65","2015-02-06","","2014-07-01 12:17:14 -0500","2014-07-01 12:17:14 -0500"
"3799097","20493667","2014-07-01","Ultrasound","Open","","","","","2014-07-01 12:17:47 -0500","2014-07-01 12:17:47 -0500"
"3810935","19692256","2014-07-15","Observation","Recheck","","","","Bull mounted several times","2014-07-15 11:18:16 -0500","2014-07-17 17:58:19 -0500"
"3813221","22020445","2014-07-15","Observation","Recheck","","","","Saw 1white bull mount need to recheck for pregnancy","2014-07-17 17:52:42 -0500","2014-07-17 17:55:25 -0500"
"3813236","19610922","2014-06-26","Observation","Open","","","","Standing Heat","2014-07-17 19:24:23 -0500","2014-07-17 19:24:56 -0500"
"3896516","20629108","2014-09-11","Ultrasound","Open","","","","Right CL","2014-09-11 21:13:31 -0500","2014-09-11 21:13:31 -0500"
"3896519","22020568","2014-09-11","Ultrasound","Pregnant","","40","2015-05-14","","2014-09-11 21:15:28 -0500","2014-09-11 21:15:28 -0500"
"3896582","19610907","2014-09-11","Ultrasound","Pregnant","","75","2015-04-09","","2014-09-11 21:30:30 -0500","2014-09-11 21:30:30 -0500"
"3896585","19727674","2014-09-11","Ultrasound","Pregnant","","3","2015-03-23","","2014-09-11 21:32:18 -0500","2014-09-11 21:32:18 -0500"
"3896588","19692256","2014-09-11","Ultrasound","Open","","","","","2014-09-11 21:34:20 -0500","2014-09-11 21:34:20 -0500"
"3896591","22189504","2014-09-11","Ultrasound","Pregnant","","55","2015-04-29","","2014-09-11 21:36:33 -0500","2014-09-11 21:36:33 -0500"
"3896594","20456755","2014-09-11","Ultrasound","Pregnant","","60","2015-04-24","","2014-09-11 21:38:37 -0500","2014-09-11 21:38:37 -0500"
"3896597","19692250","2014-09-11","Ultrasound","Open","","","","Sell","2014-09-11 21:39:50 -0500","2014-09-11 21:39:50 -0500"
"3896600","22020445","2014-09-11","Ultrasound","Pregnant","","60","2015-04-24","","2014-09-11 21:42:40 -0500","2014-09-11 21:42:40 -0500"
"3896606","19692253","2014-09-11","Ultrasound","Pregnant","","8","2014-10-23","","2014-09-11 21:44:48 -0500","2014-09-11 21:44:48 -0500"
"3896609","19610898","2014-09-11","Palpation","Pregnant","","3","2015-03-23","","2014-09-11 21:46:34 -0500","2014-09-11 21:46:34 -0500"
"3896612","21818383","2014-09-11","Ultrasound","Pregnant","","170","2015-01-04","","2014-09-11 21:49:41 -0500","2014-09-13 06:13:41 -0500"
"3896615","22047382","2014-09-11","Ultrasound","Pregnant","","50","2015-05-04","","2014-09-11 21:50:58 -0500","2014-09-11 21:50:58 -0500"
"3896618","22189510","2014-09-11","Ultrasound","Open","","","","","2014-09-11 21:51:28 -0500","2014-10-02 06:56:27 -0500"
"3896621","22020559","2014-09-11","Ultrasound","Pregnant","","55","2015-04-29","","2014-09-11 21:52:16 -0500","2014-09-11 21:52:16 -0500"
"3896624","21818413","2014-09-11","Ultrasound","Open","","","","","2014-09-11 21:54:59 -0500","2014-09-11 21:54:59 -0500"
"3896627","19727668","2014-09-11","Ultrasound","Open","","","","","2014-09-11 21:56:55 -0500","2015-01-24 10:05:57 -0600"
"3896630","19610805","2014-09-11","Ultrasound","Pregnant","","55","2015-04-29","","2014-09-11 21:57:49 -0500","2014-09-11 21:57:49 -0500"
"3896633","20493847","2014-09-11","Ultrasound","Pregnant","","3","2015-03-23","","2014-09-11 21:58:48 -0500","2014-09-11 21:58:48 -0500"
"3896636","22166194","2014-09-11","Ultrasound","Pregnant","","60","2015-04-24","","2014-09-11 21:59:43 -0500","2014-09-11 21:59:43 -0500"
"3896639","22274663","2014-09-11","Ultrasound","Open","","","","","2014-09-11 22:00:15 -0500","2014-09-11 22:00:15 -0500"
"3896642","20469046","2014-09-11","Ultrasound","Pregnant","","55","2015-04-29","","2014-09-11 22:00:50 -0500","2014-09-11 22:00:50 -0500"
"3896648","22047367","2014-09-11","Ultrasound","Pregnant","","65","2015-04-19","","2014-09-11 22:02:49 -0500","2014-09-11 22:02:49 -0500"
"3896651","20493625","2014-09-11","Ultrasound","Pregnant","","60","2015-04-24","","2014-09-11 22:03:29 -0500","2014-09-11 22:03:29 -0500"
"3896654","19692244","2014-09-11","Ultrasound","Open","","","","","2014-09-11 22:04:17 -0500","2014-09-11 22:04:17 -0500"
"3896657","19610760","2014-09-11","Ultrasound","Pregnant","","60","2015-04-24","","2014-09-11 22:05:16 -0500","2014-09-11 22:05:16 -0500"
"3896663","20493706","2014-09-11","Ultrasound","Pregnant","","70","2015-04-14","","2014-09-11 22:07:04 -0500","2014-09-11 22:07:04 -0500"
"3896666","21888790","2014-09-11","Ultrasound","Pregnant","","65","2015-04-19","","2014-09-11 22:08:26 -0500","2014-09-11 22:08:26 -0500"
"3896669","22302638","2014-09-11","Ultrasound","Pregnant","","45","2015-05-09","","2014-09-11 22:09:05 -0500","2014-09-11 22:09:05 -0500"
"3896672","20493601","2014-09-11","Ultrasound","Pregnant","","35","2015-05-19","Bull Bred","2014-09-11 22:09:48 -0500","2014-09-11 22:09:48 -0500"
"3896675","20493667","2014-09-11","Ultrasound","Pregnant","","37","2015-05-17","","2014-09-11 22:10:44 -0500","2014-09-11 22:10:44 -0500"
"3896678","19610913","2014-09-11","Ultrasound","Open","","","","","2014-09-11 22:11:19 -0500","2014-09-11 22:11:19 -0500"
"3896681","20493553","2014-09-11","Ultrasound","Pregnant","","51","2015-05-03","","2014-09-11 22:12:14 -0500","2014-09-11 22:12:14 -0500"
"3896684","19610916","2014-09-11","Ultrasound","Open","","","","Cycling","2014-09-11 22:12:49 -0500","2015-01-24 10:07:27 -0600"
"3896687","19610922","2014-09-11","Ultrasound","Pregnant","","55","2015-04-29","bull","2014-09-11 22:13:45 -0500","2014-11-24 22:23:50 -0600"
"3896690","22020535","2014-09-11","Ultrasound","Open","","","","","2014-09-11 22:14:48 -0500","2014-09-11 22:14:48 -0500"
"3896693","20493472","2014-09-11","Ultrasound","Pregnant","","5","2015-01-21","","2014-09-11 22:15:31 -0500","2014-09-11 22:15:31 -0500"
"3896696","19610787","2014-09-11","Ultrasound","Open","","","","cycling","2014-09-11 22:17:01 -0500","2014-09-11 22:17:01 -0500"
"3896699","19610802","2014-09-11","Ultrasound","Pregnant","","93","2015-03-22","","2014-09-11 22:17:31 -0500","2014-09-11 22:17:31 -0500"
"3896702","19610808","2014-09-11","Ultrasound","Pregnant","","93","2015-03-22","","2014-09-11 22:18:17 -0500","2014-09-11 22:18:17 -0500"
"3896705","19610796","2014-09-11","Ultrasound","Pregnant","","75","2015-04-09","","2014-09-11 22:25:07 -0500","2014-09-11 22:25:07 -0500"
"3896708","22020433","2014-09-11","Ultrasound","Pregnant","","75","2015-04-09","","2014-09-11 22:26:30 -0500","2014-09-11 22:26:30 -0500"
"3898454","22741778","2014-09-11","Ultrasound","Pregnant","","8","2014-10-23","","2014-09-13 06:01:19 -0500","2014-09-13 06:01:19 -0500"
"3898457","22603214","2014-09-11","Ultrasound","Pregnant","","6","2014-12-21","","2014-09-13 06:02:25 -0500","2014-12-02 08:03:20 -0600"
"3898460","22603223","2014-09-11","Ultrasound","Open","","","","","2014-09-13 06:05:17 -0500","2014-09-13 06:05:17 -0500"
"3898466","22741802","2014-09-11","Ultrasound","Pregnant","","5","2015-01-21","","2014-09-13 06:06:31 -0500","2014-09-13 06:06:31 -0500"
"3898469","22741982","2014-09-11","Ultrasound","Pregnant","","6","2014-12-21","","2014-09-13 06:07:33 -0500","2014-09-13 06:07:33 -0500"
"3898472","22741985","2014-09-11","Ultrasound","Pregnant","","7","2014-11-23","","2014-09-13 06:09:00 -0500","2014-09-13 06:09:00 -0500"
"3898475","22603208","2014-09-11","Ultrasound","Pregnant","","70","2015-04-14","","2014-09-13 06:09:57 -0500","2014-09-13 06:09:57 -0500"
"3898478","22603205","2014-09-11","Ultrasound","Pregnant","","80","2015-04-04","","2014-09-13 06:11:14 -0500","2014-12-02 08:22:57 -0600"
"3898481","22603226","2014-09-11","Ultrasound","Pregnant","","45","2015-05-09","","2014-09-13 06:11:59 -0500","2014-09-13 06:11:59 -0500"
"3898484","22741808","2014-09-11","Ultrasound","Pregnant","","8","2014-10-23","","2014-09-13 06:12:31 -0500","2014-09-13 06:12:31 -0500"
"4328540","21818383","2015-01-05","Observation","Open","","","","Observed broken water for 48hrs.  Took to Wharton Vet.  Fetus was 6 months, no hair and eyes dissolved.  Took blood and sent placenta off for testing.  Test results negative for any STD.","2015-01-06 07:47:16 -0600","2015-01-23 10:22:01 -0600"
"4581014","19727674","2015-03-13","Observation","Open","","","","With Calf","2015-03-19 08:52:49 -0500","2015-03-19 08:52:49 -0500"
"4681190","21818455","2015-05-07","Palpation","Pregnant","","6","2015-08-23","Will most likely abort because of the Lutalyse shot given.  Guessing Sire is 68B","2015-05-08 08:47:45 -0500","2015-05-08 08:50:43 -0500"
"4687349","24513140","2015-05-07","Blood","Open","","","","","2015-05-14 11:47:42 -0500","2015-05-14 11:47:42 -0500"
"4687352","24289337","2015-05-07","Blood","Open","","","","","2015-05-14 11:49:03 -0500","2015-05-14 11:49:03 -0500"
"4687355","24513185","2015-05-07","Blood","Pregnant","","","","","2015-05-14 11:50:27 -0500","2015-05-14 11:50:27 -0500"
"4687358","24513179","2015-05-07","Blood","Pregnant","","","","","2015-05-14 11:51:14 -0500","2015-05-14 11:51:14 -0500"
"4687361","24289382","2015-05-07","Blood","Pregnant","","","","","2015-05-14 11:52:17 -0500","2015-05-14 11:52:17 -0500"
"4687364","24513113","2015-05-07","Blood","Open","","","","","2015-05-14 11:53:41 -0500","2015-05-14 11:53:41 -0500"
"4687367","24513191","2015-05-07","Blood","Open","","","","","2015-05-14 11:54:32 -0500","2015-05-14 11:54:32 -0500"
"4687370","24513131","2015-05-07","Blood","Pregnant","","","","","2015-05-14 11:55:04 -0500","2015-05-14 11:55:04 -0500"
"4687373","20565319","2015-05-07","Blood","Open","","","","","2015-05-14 12:03:18 -0500","2015-05-14 12:03:18 -0500"
"4687376","24513146","2015-05-07","Blood","Open","","","","","2015-05-14 12:04:00 -0500","2015-05-14 12:04:00 -0500"
"4687379","24513119","2015-05-07","Blood","Pregnant","","","","","2015-05-14 12:04:55 -0500","2015-05-14 12:04:55 -0500"
"4687382","24513161","2015-05-07","Blood","Open","","","","","2015-05-14 12:28:51 -0500","2015-05-14 12:28:51 -0500"
"4687385","24513167","2015-05-07","Blood","Pregnant","","","","","2015-05-14 12:29:37 -0500","2015-05-14 12:29:37 -0500"
"4687391","24289331","2015-05-07","Blood","Open","","","","","2015-05-14 12:31:10 -0500","2015-05-14 12:31:10 -0500"
"4687394","24289394","2015-05-07","Blood","Open","","","","","2015-05-14 12:31:47 -0500","2015-05-14 12:31:47 -0500"
"4687397","20486326","2015-05-07","Blood","Open","","","","","2015-05-14 12:32:23 -0500","2015-05-14 12:32:23 -0500"
"4687400","20510275","2015-05-07","Blood","Open","","","","","2015-05-14 12:32:56 -0500","2015-05-14 12:32:56 -0500"
"4687403","24289316","2015-05-07","Blood","Pregnant","","","","","2015-05-14 12:33:41 -0500","2015-05-14 12:33:41 -0500"
"4687433","24289367","2015-05-07","Blood","Open","","","","","2015-05-14 12:34:51 -0500","2015-05-14 12:34:51 -0500"
"4687436","24513122","2015-05-07","Blood","Open","","","","","2015-05-14 12:35:36 -0500","2015-05-14 12:35:36 -0500"
"4687439","24513143","2015-05-07","Blood","Open","","","","","2015-05-14 12:36:11 -0500","2015-05-14 12:36:11 -0500"
"4687442","24289364","2015-05-07","Blood","Open","","","","","2015-05-14 12:36:51 -0500","2015-05-14 12:36:51 -0500"
"4688087","24289373","2015-05-07","Blood","Pregnant","","","","","2015-05-14 15:09:48 -0500","2015-05-14 15:09:48 -0500"
"4688090","24289343","2015-05-07","Blood","Open","","","","","2015-05-14 15:11:07 -0500","2015-05-14 15:11:07 -0500"
"4688093","24513182","2015-05-07","Blood","Open","","","","","2015-05-14 15:11:44 -0500","2015-05-14 15:11:44 -0500"
"4688096","24289328","2015-05-07","Blood","Pregnant","","","","","2015-05-14 15:12:41 -0500","2015-05-14 15:12:41 -0500"
"4688099","24289325","2015-05-07","Blood","Pregnant","","","","","2015-05-14 15:13:15 -0500","2015-05-14 15:13:15 -0500"
"4688102","24289391","2015-05-07","Blood","Open","","","","","2015-05-14 15:13:50 -0500","2015-05-14 15:13:50 -0500"
"4688105","24289310","2015-05-07","Blood","Pregnant","","","","","2015-05-14 15:14:29 -0500","2015-05-14 15:14:29 -0500"
"4688108","24289340","2015-05-07","Blood","Open","","","","","2015-05-14 15:18:07 -0500","2015-05-14 15:18:07 -0500"
"4688114","24289307","2015-05-07","Blood","Pregnant","","","","","2015-05-14 15:18:55 -0500","2015-05-14 15:18:55 -0500"
"4688117","24289370","2015-05-07","Blood","Open","","","","","2015-05-14 15:19:30 -0500","2015-05-14 15:19:30 -0500"
"4688120","24513155","2015-05-07","Blood","Pregnant","","","","","2015-05-14 15:20:05 -0500","2015-05-14 15:20:05 -0500"
"4688123","24513194","2015-05-07","Blood","Open","","","","","2015-05-14 15:20:37 -0500","2015-05-14 15:20:37 -0500"
"4688126","24289346","2015-05-07","Blood","Open","","","","","2015-05-14 15:21:06 -0500","2015-05-14 15:21:06 -0500"
"4688129","24513116","2015-05-07","Blood","Open","","","","","2015-05-14 15:22:49 -0500","2015-05-14 15:22:49 -0500"
"4688132","24513128","2015-05-07","Blood","Open","","","","","2015-05-14 15:25:35 -0500","2015-05-14 15:25:35 -0500"
"4688135","24289376","2015-05-07","Blood","Pregnant","","","","","2015-05-14 15:26:01 -0500","2015-05-14 15:26:01 -0500"
"4688138","24513176","2015-05-07","Blood","Open","","","","","2015-05-14 15:26:29 -0500","2015-05-14 15:26:29 -0500"
"4688141","24513134","2015-05-07","Blood","Open","","","","","2015-05-14 15:27:00 -0500","2015-05-14 15:27:00 -0500"
"4688144","24289304","2015-05-07","Blood","Open","","","","","2015-05-14 15:27:31 -0500","2015-05-14 15:27:31 -0500"
"4688147","24513173","2015-05-07","Blood","Open","","","","","2015-05-14 15:27:58 -0500","2015-05-14 15:28:05 -0500"
"4688150","24289385","2015-05-07","Blood","Pregnant","","","","","2015-05-14 15:29:09 -0500","2015-05-14 15:29:09 -0500"
"4688153","24513152","2015-05-07","Blood","Open","","","","","2015-05-14 15:29:39 -0500","2015-05-14 15:29:39 -0500"
"4688156","24513170","2015-05-07","Blood","Pregnant","","","","","2015-05-14 15:30:26 -0500","2015-05-14 15:30:26 -0500"
"4688159","24289352","2015-05-07","Blood","Pregnant","","","","","2015-05-14 15:30:59 -0500","2015-05-14 15:30:59 -0500"
"4688162","20509930","2015-05-07","Blood","Open","","","","","2015-05-14 15:31:34 -0500","2015-05-14 15:31:34 -0500"
"4688165","20512942","2015-05-07","Blood","Pregnant","","","","","2015-05-14 15:32:28 -0500","2015-05-14 15:32:28 -0500"
"4688168","24289349","2015-05-07","Blood","Open","","","","","2015-05-14 15:33:08 -0500","2015-05-14 15:33:08 -0500"
"4688171","24289400","2015-05-07","Blood","Open","","","","","2015-05-14 15:34:48 -0500","2015-05-14 15:34:48 -0500"
"4688174","24513158","2015-05-07","Blood","Open","","","","","2015-05-14 15:35:18 -0500","2015-05-14 15:35:18 -0500"
"4688177","24289313","2015-05-07","Blood","Open","","","","","2015-05-14 15:35:39 -0500","2015-05-14 15:35:39 -0500"
"4688180","24513137","2015-05-07","Blood","Open","","","","","2015-05-14 15:36:01 -0500","2015-05-14 15:36:01 -0500"
"4688183","24513164","2015-05-07","Blood","Open","","","","","2015-05-14 15:36:26 -0500","2015-05-14 15:36:26 -0500"
"4688186","24289388","2015-05-07","Blood","Pregnant","","","","","2015-05-14 15:36:51 -0500","2015-05-14 15:36:51 -0500"
"4688189","24289397","2015-05-07","Blood","Pregnant","","","","","2015-05-14 15:37:29 -0500","2015-05-14 15:37:29 -0500"
"4688192","24513188","2015-05-07","Blood","Open","","","","","2015-05-14 15:38:35 -0500","2015-05-14 15:38:35 -0500"
"4688198","24289319","2015-05-07","Blood","Open","","","","","2015-05-14 15:40:10 -0500","2015-05-14 15:40:10 -0500"
"4688201","24289301","2015-05-07","Blood","Pregnant","","","","","2015-05-14 15:40:49 -0500","2015-05-14 15:40:49 -0500"
"4688204","24513149","2015-05-07","Blood","Pregnant","","","","","2015-05-14 15:41:14 -0500","2015-05-14 15:41:14 -0500"
"4688207","24289322","2015-05-07","Blood","Pregnant","","","","","2015-05-14 15:41:43 -0500","2015-05-14 15:41:43 -0500"
"4688210","24289379","2015-05-07","Blood","Open","","","","","2015-05-14 15:42:24 -0500","2015-05-14 15:42:24 -0500"
"4705415","26030204","2015-05-07","Blood","Open","","","","","2015-05-26 08:36:22 -0500","2015-05-26 08:36:22 -0500"
"4705994","24513125","2015-05-07","Blood","Open","","","","","2015-05-26 10:45:40 -0500","2015-05-26 10:45:40 -0500"
"4706012","19607058","2015-05-07","Blood","Open","","","","","2015-05-26 10:59:55 -0500","2015-05-26 10:59:55 -0500"
"4730812","20510275","2015-06-15","Observation","Recheck","","","","","2015-06-15 18:05:28 -0500","2015-06-15 18:05:28 -0500"
"4752835","21818455","2015-07-01","Palpation","Pregnant","","8","2015-08-17","","2015-07-02 17:48:21 -0500","2015-07-02 17:48:21 -0500"
"4816234","20629108","2015-08-17","Palpation","Pregnant","","5","2015-12-27","","2015-08-18 07:17:03 -0500","2015-08-18 07:17:03 -0500"
"4816237","19727668","2015-08-17","Palpation","Pregnant","","5","2015-12-27","","2015-08-18 07:17:58 -0500","2015-08-18 07:17:58 -0500"
"4816240","22020535","2015-08-17","Palpation","Pregnant","","5","2015-12-27","","2015-08-18 07:18:29 -0500","2015-08-18 07:18:29 -0500"
"4816243","22020568","2015-08-17","Palpation","Pregnant","","5","2015-12-27","","2015-08-18 07:20:03 -0500","2015-08-18 07:20:03 -0500"
"4816246","19610916","2015-08-17","Palpation","Pregnant","","5","2015-12-27","","2015-08-18 07:20:38 -0500","2015-08-18 07:20:38 -0500"
"4816249","19610787","2015-08-17","Palpation","Pregnant","","5","2015-12-27","","2015-08-18 07:21:30 -0500","2015-08-18 07:21:30 -0500"
"4830739","21818455","2015-07-20","Observation","Open","","","","Calf dying with 24hrs after C-Section.  Had C-Section complications with intestinal blockage.  Kept at house for personal care through August.","2015-08-27 08:25:38 -0500","2015-08-27 08:25:38 -0500"
"5003607","24513134","2015-10-23","Ultrasound","Pregnant","","5","2016-03-03","","2015-10-24 10:58:33 -0500","2015-10-24 10:58:33 -0500"
"5003610","21819835","2015-10-23","Ultrasound","Open","","","","","2015-10-24 11:00:19 -0500","2015-10-24 11:00:19 -0500"
"5003613","22603223","2015-10-23","Ultrasound","Open","","","2015-12-22","","2015-10-24 11:02:06 -0500","2015-11-01 14:22:34 -0600"
"5003616","24513122","2015-10-23","Ultrasound","Pregnant","","165","2016-02-20","","2015-10-24 11:03:17 -0500","2015-10-24 18:55:50 -0500"
"5003625","24513167","2015-10-23","Ultrasound","Pregnant","","8","2015-12-05","","2015-10-24 11:05:25 -0500","2015-10-24 11:05:25 -0500"
"5003628","20565319","2015-10-23","Ultrasound","Pregnant","","6","2016-02-02","","2015-10-24 11:06:04 -0500","2015-10-24 11:06:04 -0500"
"5003631","21819892","2015-10-23","Ultrasound","Pregnant","","7","2016-01-06","","2015-10-24 11:06:50 -0500","2015-10-24 11:06:50 -0500"
"5003637","24513170","2015-10-23","Ultrasound","Pregnant","","265","2015-11-12","","2015-10-24 11:07:57 -0500","2015-10-24 18:58:00 -0500"
"5003640","20486326","2015-10-23","Ultrasound","Open","","","","","2015-10-24 11:08:55 -0500","2015-10-24 11:08:55 -0500"
"5003646","24513173","2015-10-23","Ultrasound","Pregnant","","165","2016-02-20","","2015-10-24 11:10:15 -0500","2015-10-24 18:58:56 -0500"
"5003652","21818383","2015-10-23","Ultrasound","Pregnant","","165","2016-02-24","","2015-10-24 11:11:14 -0500","2015-10-24 18:59:34 -0500"
"5003655","22020445","2015-10-23","Ultrasound","Pregnant","","6","2016-02-02","","2015-10-24 11:12:28 -0500","2015-10-24 11:12:28 -0500"
"5003661","19607058","2015-10-23","Ultrasound","Open","","","","","2015-10-24 11:13:49 -0500","2015-10-24 11:13:49 -0500"
"5003664","22047367","2015-10-23","Ultrasound","Open","","","","","2015-10-24 11:14:38 -0500","2015-10-24 11:14:38 -0500"
"5003667","24289370","2015-10-23","Ultrasound","Pregnant","","5","2016-03-03","","2015-10-24 11:15:41 -0500","2015-10-24 11:15:41 -0500"
"5003670","24513149","2015-10-23","Ultrasound","Pregnant","","8","2015-12-05","","2015-10-24 11:16:31 -0500","2015-10-24 11:16:31 -0500"
"5003676","24513194","2015-10-23","Ultrasound","Pregnant","","135","2016-03-21","","2015-10-24 11:17:34 -0500","2015-10-24 19:02:24 -0500"
"5003679","24289325","2015-10-23","Ultrasound","Open","","","","","2015-10-24 11:18:47 -0500","2015-10-24 11:18:47 -0500"
"5003685","21819781","2015-10-23","Ultrasound","Pregnant","","3","2016-05-07","","2015-10-24 11:19:55 -0500","2015-10-24 11:19:55 -0500"
"5003694","20493847","2015-10-23","Ultrasound","Pregnant","","4","2016-04-03","","2015-10-24 11:22:38 -0500","2015-10-24 11:22:38 -0500"
"5003697","20493667","2015-10-23","Ultrasound","Open","","","","","2015-10-24 11:23:39 -0500","2015-10-24 11:23:39 -0500"
"5003700","24289373","2015-10-23","Ultrasound","Pregnant","","7","2016-01-02","","2015-10-24 11:24:25 -0500","2015-10-24 11:24:25 -0500"
"5003703","19610916","2015-10-23","Ultrasound","Pregnant","","8","2015-12-05","","2015-10-24 11:25:25 -0500","2015-10-24 11:25:25 -0500"
"5003706","21888790","2015-10-23","Ultrasound","Pregnant","","6","2016-02-06","","2015-10-24 11:27:19 -0500","2015-10-24 11:27:19 -0500"
"5003712","24289382","2015-10-23","Ultrasound","Open","","","","","2015-10-24 11:28:22 -0500","2015-10-24 11:28:22 -0500"
"5003715","19610808","2015-10-23","Ultrasound","Pregnant","","6","2016-02-02","","2015-10-24 11:29:11 -0500","2015-10-24 11:29:11 -0500"
"5003721","19610907","2015-10-23","Ultrasound","Pregnant","","4","2016-04-03","","2015-10-24 11:30:11 -0500","2015-10-24 11:30:11 -0500"
"5003724","24289394","2015-10-23","Ultrasound","Open","","","","","2015-10-24 11:30:52 -0500","2015-10-24 11:30:52 -0500"
"5003727","24289358","2015-10-23","Ultrasound","Open","","","","","2015-10-24 11:32:37 -0500","2015-10-24 11:32:37 -0500"
"5003730","21818413","2015-10-23","Ultrasound","Pregnant","","7","2016-01-06","","2015-10-24 11:33:40 -0500","2015-10-24 11:33:40 -0500"
"5003772","24513152","2015-10-23","Ultrasound","Pregnant","","5","2016-03-03","","2015-10-24 11:35:20 -0500","2015-10-24 11:35:20 -0500"
"5003775","22189510","2015-10-23","Ultrasound","Pregnant","","8","2015-12-05","","2015-10-24 11:36:17 -0500","2015-10-24 11:36:17 -0500"
"5003823","22047382","2015-10-23","Ultrasound","Pregnant","","5","2016-03-03","","2015-10-24 11:38:45 -0500","2015-10-24 11:38:45 -0500"
"5003826","24513176","2015-10-23","Ultrasound","Pregnant","","5","2016-03-03","","2015-10-24 11:39:33 -0500","2015-10-24 11:39:33 -0500"
"5003829","24289310","2015-10-23","Ultrasound","Pregnant","","8","2015-12-05","","2015-10-24 11:40:18 -0500","2015-10-24 11:40:32 -0500"
"5003835","19610760","2015-10-23","Ultrasound","Open","","","","","2015-10-24 11:41:57 -0500","2015-10-24 11:41:57 -0500"
"5003841","20469046","2015-10-23","Ultrasound","Pregnant","","6","2016-02-02","","2015-10-24 11:42:39 -0500","2015-10-24 11:42:39 -0500"
"5003943","24513140","2015-10-23","Ultrasound","Pregnant","","5","2016-03-03","","2015-10-24 11:45:10 -0500","2015-10-24 11:45:10 -0500"
"5003949","22603226","2015-10-23","Ultrasound","Open","","","","","2015-10-24 11:45:49 -0500","2015-10-24 11:45:49 -0500"
"5003952","22020535","2015-10-23","Ultrasound","Pregnant","","8","2015-12-05","","2015-10-24 11:46:24 -0500","2015-10-24 11:46:24 -0500"
"5004054","22741808","2015-10-23","Ultrasound","Pregnant","","6","2016-02-06","","2015-10-24 11:47:16 -0500","2015-10-24 11:47:16 -0500"
"5004057","24289379","2015-10-23","Ultrasound","Open","","","","","2015-10-24 11:49:12 -0500","2015-10-24 11:49:12 -0500"
"5004060","24513137","2015-10-23","Ultrasound","Pregnant","","6","2016-02-02","","2015-10-24 11:49:54 -0500","2015-10-24 11:49:54 -0500"
"5004063","24289313","2015-10-23","Ultrasound","Pregnant","","5","2016-03-03","","2015-10-24 11:51:15 -0500","2015-10-24 11:51:15 -0500"
"5004069","19610778","2015-10-23","Ultrasound","Pregnant","","5","2016-03-03","","2015-10-24 11:51:55 -0500","2015-10-24 11:51:55 -0500"
"5004072","22020433","2015-10-23","Ultrasound","Pregnant","","4","2016-04-03","","2015-10-24 11:52:58 -0500","2015-10-24 11:52:58 -0500"
"5004816","24289334","2015-10-23","Ultrasound","Open","","","","","2015-10-24 16:21:01 -0500","2015-10-24 16:21:01 -0500"
"5004819","24289316","2015-10-23","Ultrasound","Open","","","","","2015-10-24 16:24:09 -0500","2015-10-24 16:24:09 -0500"
"5004822","24513185","2015-10-23","Ultrasound","Pregnant","","272","2015-11-05","","2015-10-24 16:25:17 -0500","2015-10-24 16:26:51 -0500"
"5004825","21819736","2015-10-23","Ultrasound","Pregnant","","7","2016-01-06","","2015-10-24 16:27:44 -0500","2015-10-24 16:27:44 -0500"
"5004828","24513143","2015-10-23","Ultrasound","Pregnant","","6","2016-02-02","","2015-10-24 16:28:33 -0500","2015-10-24 16:28:33 -0500"
"5004831","24513161","2015-10-23","Ultrasound","Pregnant","","6","2016-02-02","","2015-10-24 16:29:32 -0500","2015-10-24 16:29:32 -0500"
"5004834","20510275","2015-10-23","Ultrasound","Pregnant","","6","2016-02-02","","2015-10-24 16:30:08 -0500","2015-10-24 16:30:08 -0500"
"5004837","24289337","2015-10-23","Ultrasound","Pregnant","","165","2016-02-20","","2015-10-24 16:30:48 -0500","2015-10-24 16:30:48 -0500"
"5004840","22741802","2015-10-23","Ultrasound","Pregnant","","5","2016-03-07","","2015-10-24 16:31:44 -0500","2015-10-24 16:31:44 -0500"
"5004843","24289346","2015-10-23","Ultrasound","Pregnant","","6","2016-02-02","","2015-10-24 16:32:19 -0500","2015-10-24 16:32:19 -0500"
"5004846","24513116","2015-10-23","Ultrasound","Open","","","","","2015-10-24 16:33:02 -0500","2015-10-24 16:33:02 -0500"
"5004849","24289343","2015-10-23","Ultrasound","Pregnant","","4","2016-04-03","","2015-10-24 16:33:26 -0500","2015-10-24 16:33:26 -0500"
"5004852","26030204","2015-10-23","Ultrasound","Pregnant","","6","2016-02-02","","2015-10-24 16:34:15 -0500","2015-10-24 16:34:15 -0500"
"5004855","19610922","2015-10-23","Ultrasound","Pregnant","","4","2016-04-03","","2015-10-24 16:34:46 -0500","2015-10-24 16:34:46 -0500"
"5004858","22741985","2015-10-23","Ultrasound","Pregnant","","6","2016-02-06","","2015-10-24 16:36:18 -0500","2015-10-24 16:36:18 -0500"
"5004861","24513128","2015-10-23","Ultrasound","Open","","","","IN CYCLE","2015-10-24 16:37:49 -0500","2015-10-24 16:37:49 -0500"
"5004864","24513155","2015-10-23","Ultrasound","Pregnant","","7","2016-01-02","","2015-10-24 16:38:56 -0500","2015-10-24 16:38:56 -0500"
"5004867","24513191","2015-10-23","Ultrasound","Pregnant","","5","2016-03-03","","2015-10-24 16:39:35 -0500","2015-10-24 16:39:35 -0500"
"5004870","21819877","2015-10-23","Ultrasound","Pregnant","","7","2016-01-06","","2015-10-24 16:40:33 -0500","2015-10-24 16:40:33 -0500"
"5004873","24289367","2015-10-23","Ultrasound","Pregnant","","165","2016-02-20","","2015-10-24 16:41:29 -0500","2015-10-24 16:41:29 -0500"
"5004876","22020568","2015-10-23","Ultrasound","Pregnant","","225","2015-12-22"," ","2015-10-24 16:42:42 -0500","2015-11-01 14:24:03 -0600"
"5004879","20493472","2015-10-23","Ultrasound","Pregnant","","6","2016-02-02","","2015-10-24 16:43:25 -0500","2015-10-24 16:43:25 -0500"
"5004882","24289349","2015-10-23","Ultrasound","Pregnant","","4","2016-04-03","","2015-10-24 16:44:09 -0500","2015-10-24 16:44:09 -0500"
"5004885","24289361","2015-10-23","Ultrasound","Open","","","","","2015-10-24 16:45:52 -0500","2015-10-24 16:45:52 -0500"
"5004888","22302638","2015-10-23","Ultrasound","Open","","","2016-03-21","","2015-10-24 16:48:17 -0500","2015-10-24 19:07:14 -0500"
"5004891","24513188","2015-10-23","Ultrasound","Pregnant","","5","2016-03-03","","2015-10-24 16:49:00 -0500","2015-10-24 16:49:00 -0500"
"5004894","24289328","2015-10-23","Ultrasound","Pregnant","","8","2015-12-05","","2015-10-24 16:50:10 -0500","2015-10-24 16:50:10 -0500"
"5004897","20493550","2015-10-23","Ultrasound","Pregnant","","5","2016-03-03","","2015-10-24 16:50:44 -0500","2015-10-24 16:50:44 -0500"
"5004900","24513146","2015-10-23","Ultrasound","Open","","","","","2015-10-24 16:51:18 -0500","2015-10-24 16:51:18 -0500"
"5004903","24289391","2015-10-23","Ultrasound","Open","","","","","2015-10-24 16:51:57 -0500","2015-10-24 16:51:57 -0500"
"5004906","22189504","2015-10-23","Ultrasound","Pregnant","","135","2016-03-21","","2015-10-24 16:52:54 -0500","2015-10-24 16:52:54 -0500"
"5004909","24289400","2015-10-23","Ultrasound","Open","","","","","2015-10-24 16:53:19 -0500","2015-10-24 16:53:19 -0500"
"5004912","19692253","2015-10-23","Ultrasound","Pregnant","","5","2016-03-03","","2015-10-24 16:54:23 -0500","2015-10-24 16:54:23 -0500"
"5004915","24513182","2015-10-23","Ultrasound","Pregnant","","5","2016-03-03","","2015-10-24 16:54:55 -0500","2015-10-24 16:54:55 -0500"
"5004918","21819703","2015-10-23","Ultrasound","Pregnant","","225","2015-12-26","","2015-10-24 16:56:21 -0500","2015-10-24 16:56:45 -0500"
"5004921","22020559","2015-10-23","Ultrasound","Pregnant","","5","2016-03-03","","2015-10-24 16:57:31 -0500","2015-10-24 16:57:31 -0500"
"5004924","24289331","2015-10-23","Ultrasound","Pregnant","","7","2016-01-02","","2015-10-24 16:58:03 -0500","2015-10-24 16:58:03 -0500"
"5004927","24513179","2015-10-23","Ultrasound","Pregnant","","8","2015-12-05","","2015-10-24 16:58:45 -0500","2015-10-24 16:58:45 -0500"
"5004930","24513113","2015-10-23","Ultrasound","Pregnant","","6","2016-02-02","","2015-10-24 16:59:34 -0500","2015-10-24 16:59:34 -0500"
"5004933","22274663","2015-10-23","Ultrasound","Pregnant","","8","2015-12-05","","2015-10-24 17:00:28 -0500","2015-10-24 17:00:28 -0500"
"5004936","20512942","2015-10-23","Ultrasound","Pregnant","","8","2015-12-05","","2015-10-24 17:00:54 -0500","2015-10-24 17:00:54 -0500"
"5004939","22166194","2015-10-23","Ultrasound","Pregnant","","165","2016-02-20","","2015-10-24 17:01:54 -0500","2015-10-24 17:01:54 -0500"
"5004942","24289340","2015-10-23","Ultrasound","Pregnant","","165","2016-02-20","","2015-10-24 17:02:38 -0500","2015-10-24 17:02:38 -0500"
"5004945","22047349","2015-10-23","Ultrasound","Pregnant","","195","2016-01-21","","2015-10-24 17:05:14 -0500","2015-10-24 17:05:14 -0500"
"5004948","24513131","2015-10-23","Ultrasound","Pregnant","","7","2016-01-02","","2015-10-24 17:05:56 -0500","2015-10-24 17:05:56 -0500"
"5004951","22741778","2015-10-23","Ultrasound","Pregnant","","165","2016-02-24","","2015-10-24 17:06:58 -0500","2015-10-24 17:06:58 -0500"
"5004954","24289397","2015-10-23","Ultrasound","Pregnant","","5","2016-03-03","","2015-10-24 17:07:49 -0500","2015-10-24 17:07:49 -0500"
"5004957","20493601","2015-10-23","Ultrasound","Open","","","","","2015-10-24 17:08:41 -0500","2015-10-24 17:08:41 -0500"
"5004960","22603205","2015-10-23","Ultrasound","Pregnant","","165","2016-02-20","","2015-10-24 17:11:43 -0500","2015-10-24 18:47:56 -0500"
"5004963","22741982","2015-10-23","Ultrasound","Pregnant","","7","2016-01-06","","2015-10-24 17:12:26 -0500","2015-10-24 18:51:25 -0500"
"5004966","20493625","2015-10-23","Ultrasound","Pregnant","","7","2016-01-02","","2015-10-24 17:13:12 -0500","2015-10-24 18:48:46 -0500"
"5004969","24289304","2015-10-23","Ultrasound","Pregnant","","4","2016-04-03","","2015-10-24 17:13:57 -0500","2015-10-24 17:13:57 -0500"
"5004972","19610805","2015-10-23","Ultrasound","Pregnant","","6","2016-02-02","","2015-10-24 17:14:52 -0500","2015-10-24 17:14:52 -0500"
"5004978","20493706","2015-10-23","Ultrasound","Pregnant","","6","2016-02-02","","2015-10-24 17:19:28 -0500","2015-10-24 18:50:38 -0500"
"5004981","24513119","2015-10-23","Palpation","Pregnant","","255","2015-11-22","","2015-10-24 17:20:24 -0500","2015-10-24 17:20:24 -0500"
"5004984","24289322","2015-10-23","Ultrasound","Pregnant","","225","2015-12-22","","2015-10-24 17:21:05 -0500","2015-10-24 18:51:07 -0500"
"5004987","24289376","2015-10-23","Ultrasound","Pregnant","","225","2015-12-22","","2015-10-24 17:21:40 -0500","2015-10-24 17:21:40 -0500"
"5004990","22603208","2015-10-23","Ultrasound","Open","","","","","2015-10-24 17:22:30 -0500","2015-10-24 18:48:18 -0500"
"5004993","20629108","2015-10-23","Ultrasound","Pregnant","","225","2015-12-22","","2015-10-24 17:23:38 -0500","2015-10-24 18:50:12 -0500"
"5004996","24289301","2015-10-23","Ultrasound","Pregnant","","265","2015-11-12","","2015-10-24 17:24:41 -0500","2015-10-24 17:26:21 -0500"
"5004999","24289352","2015-10-23","Ultrasound","Pregnant","","265","2015-11-12","","2015-10-24 17:27:04 -0500","2015-10-24 18:52:24 -0500"
"5005002","24289319","2015-10-23","Ultrasound","Open","","","","","2015-10-24 17:27:45 -0500","2015-10-24 18:51:58 -0500"
"5005005","19610787","2015-10-23","Ultrasound","Pregnant","","225","2015-12-22","","2015-10-24 17:28:42 -0500","2015-10-24 17:28:42 -0500"
"5005008","22302635","2015-10-23","Ultrasound","Open","","","","","2015-10-24 17:31:21 -0500","2015-10-24 17:31:21 -0500"
"5005011","19727668","2015-10-23","Ultrasound","Pregnant","","7","2016-01-02","","2015-10-24 17:33:19 -0500","2015-10-24 17:33:47 -0500"
"5005014","20509930","2015-10-23","Ultrasound","Pregnant","","135","2016-03-21","","2015-10-24 17:35:30 -0500","2015-10-24 17:35:30 -0500"
"5005017","24289364","2015-10-23","Ultrasound","Open","","","","","2015-10-24 17:36:45 -0500","2015-10-24 17:36:45 -0500"
"5005020","24289388","2015-10-23","Ultrasound","Pregnant","","225","2015-12-22","","2015-10-24 17:37:26 -0500","2015-10-24 17:37:26 -0500"
"5005023","24289307","2015-10-23","Ultrasound","Open","","","","","2015-10-24 17:38:23 -0500","2015-10-24 17:38:23 -0500"
"5005026","19610802","2015-10-23","Ultrasound","Pregnant","","195","2016-01-21","","2015-10-24 17:39:30 -0500","2015-10-24 17:39:30 -0500"
"5005029","19610796","2015-10-23","Ultrasound","Pregnant","","165","2016-02-20","","2015-10-24 17:40:19 -0500","2015-10-24 17:40:19 -0500"
"5005032","23907311","2015-10-23","Ultrasound","Open","","","","","2015-10-24 17:42:24 -0500","2015-10-24 17:42:24 -0500"
"5005035","23907323","2015-10-23","Ultrasound","Pregnant","","6","2016-02-02","","2015-10-24 17:44:05 -0500","2015-10-24 17:44:05 -0500"
"5005038","27897363","2015-10-23","Ultrasound","Pregnant","","166","2016-02-19","","2015-10-24 17:48:57 -0500","2015-10-24 17:49:38 -0500"
"5005041","27897372","2015-10-23","Ultrasound","Open","","","","","2015-10-24 17:50:59 -0500","2015-10-24 17:50:59 -0500"
"5005044","27897378","2015-10-23","Ultrasound","Pregnant","","4","2016-04-03","","2015-10-24 17:52:30 -0500","2015-10-24 17:52:30 -0500"
"5005047","27897384","2015-10-23","Ultrasound","Pregnant","","3","2016-05-03","","2015-10-24 17:54:11 -0500","2015-10-24 17:54:11 -0500"
"5005050","27897390","2015-10-23","Ultrasound","Open","","","","","2015-10-24 17:55:41 -0500","2015-10-24 17:55:41 -0500"
"5005053","27897393","2015-10-23","Ultrasound","Open","","","","","2015-10-24 17:56:48 -0500","2015-10-24 17:56:48 -0500"
"5005056","27897399","2015-10-23","Ultrasound","Pregnant","","6","2016-02-02","","2015-10-24 17:57:53 -0500","2015-10-24 17:57:53 -0500"
"5005059","27897402","2015-10-23","Ultrasound","Pregnant","","5","2016-03-03","","2015-10-24 17:59:03 -0500","2015-10-24 17:59:03 -0500"
"5005062","27897411","2015-10-23","Ultrasound","Open","","","","","2015-10-24 17:59:50 -0500","2015-10-24 17:59:50 -0500"
"5005068","24513125","2015-10-23","Ultrasound","Pregnant","","5","2016-03-03","","2015-10-24 18:11:42 -0500","2015-10-24 18:11:42 -0500"
"5005074","24513164","2015-10-23","Ultrasound","Open","","","","","2015-10-24 18:13:07 -0500","2015-10-24 18:13:07 -0500"
"5005077","19610898","2015-10-23","Ultrasound","Pregnant","","5","2016-03-03","","2015-10-24 18:17:12 -0500","2015-10-24 18:17:12 -0500"
"5005080","21819760","2015-10-23","Ultrasound","Pregnant","","7","2016-01-06","","2015-10-24 18:41:59 -0500","2015-10-24 18:41:59 -0500"
"5595687","19610916","2016-02-24","Observation","Open","","","","Standing Heat","2016-02-24 18:07:52 -0600","2016-02-24 18:07:52 -0600"
"5595690","24513194","2016-02-01","Observation","Open","","","","Aborted Calf - Observed placenta, but could not find fetus","2016-02-24 18:15:38 -0600","2016-02-24 18:15:38 -0600"
"5617533","24513173","2016-03-04","Observation","Open","","","","Dead calf during delivery.  The calf was upside down and had to pull to save cow.","2016-03-04 09:39:35 -0600","2016-03-04 11:56:33 -0600"
"5627385","24513188","2016-03-07","Observation","Open","","","","Had to pull 90+lbs bull calf","2016-03-07 12:13:57 -0600","2016-03-07 12:13:57 -0600"
"5761623","24289391","2016-04-22","Ultrasound","Open","","","","","2016-04-22 13:31:26 -0500","2016-04-22 13:31:26 -0500"
"5761626","20512942","2016-04-22","Ultrasound","Open","","","","","2016-04-22 13:32:58 -0500","2016-04-22 13:32:58 -0500"
"5761629","27330196","2016-04-22","Ultrasound","Pregnant","","110","2016-10-14","","2016-04-22 13:36:55 -0500","2016-04-22 13:36:55 -0500"
"5761632","20493847","2016-04-22","Ultrasound","Pregnant","","158","2016-08-27","","2016-04-22 13:37:55 -0500","2016-04-22 13:40:28 -0500"
"5761635","24513146","2016-04-22","Ultrasound","Pregnant","","150","2016-09-04","","2016-04-22 13:42:18 -0500","2016-04-22 13:42:18 -0500"
"5761638","24513164","2016-04-22","Ultrasound","Open","","","","","2016-04-22 13:42:54 -0500","2016-04-22 13:42:54 -0500"
"5761641","27897411","2016-04-22","Ultrasound","Pregnant","","110","2016-10-14","","2016-04-22 13:44:36 -0500","2016-04-22 13:44:36 -0500"
"5761644","27897390","2016-04-22","Ultrasound","Open","","","","","2016-04-22 13:46:11 -0500","2016-04-22 13:46:11 -0500"
"5761653","24289316","2016-04-22","Ultrasound","Pregnant","","120","2016-10-04","","2016-04-22 13:53:02 -0500","2016-04-22 13:53:32 -0500"
"5761668","27330193","2016-04-22","Ultrasound","Open","","","","","2016-04-22 13:54:45 -0500","2016-04-22 13:54:45 -0500"
"5761671","21819835","2016-04-22","Ultrasound","Pregnant","","4","2016-10-06","","2016-04-22 13:55:24 -0500","2016-04-22 13:55:24 -0500"
"5761674","22603223","2016-04-22","Ultrasound","Pregnant","","120","2016-10-04","","2016-04-22 13:56:05 -0500","2016-04-22 13:56:05 -0500"
"5761818","27330187","2016-04-22","Ultrasound","Open","","","","","2016-04-22 14:38:34 -0500","2016-04-22 14:38:34 -0500"
"5761821","27330190","2016-04-22","Ultrasound","Pregnant","","120","2016-10-04","","2016-04-22 14:39:15 -0500","2016-04-22 14:39:15 -0500"
"5763075","24289379","2016-04-22","Ultrasound","Pregnant","","110","2016-10-14","","2016-04-22 17:15:58 -0500","2016-04-22 17:15:58 -0500"
"5763078","27330208","2016-04-22","Ultrasound","Pregnant","","100","2016-10-24","","2016-04-22 17:16:38 -0500","2016-04-22 17:16:38 -0500"
"5763081","24289325","2016-04-22","Ultrasound","Pregnant","","100","2016-10-24","","2016-04-22 17:17:26 -0500","2016-04-22 17:17:26 -0500"
"5763084","24289382","2016-04-22","Ultrasound","Pregnant","","110","2016-10-14","","2016-04-22 17:18:11 -0500","2016-04-22 17:18:11 -0500"
"5763087","24289400","2016-04-22","Ultrasound","Open","","","","","2016-04-22 17:18:37 -0500","2016-04-22 17:18:37 -0500"
"5763090","24289364","2016-04-22","Ultrasound","Open","","","","","2016-04-22 17:19:17 -0500","2016-04-22 17:19:17 -0500"
"5763093","27330220","2016-04-22","Ultrasound","Open","","","","","2016-04-22 17:19:49 -0500","2016-04-22 17:19:49 -0500"
"5763096","22603226","2016-04-22","Ultrasound","Open","","","","","2016-04-22 17:20:21 -0500","2016-04-22 17:20:21 -0500"
"5763099","24289358","2016-04-22","Ultrasound","Pregnant","","100","2016-10-24","","2016-04-22 17:21:00 -0500","2016-04-22 17:21:00 -0500"
"5763102","24289334","2016-04-22","Ultrasound","Pregnant","","90","2016-11-03","","2016-04-22 17:21:36 -0500","2016-04-22 17:21:36 -0500"
"5763105","24289319","2016-04-22","Ultrasound","Pregnant","","90","2016-11-03","","2016-04-22 17:22:11 -0500","2016-04-22 17:22:11 -0500"
"5763111","24513116","2016-04-22","Ultrasound","Open","","","","","2016-04-22 17:22:45 -0500","2016-04-22 17:22:45 -0500"
"5763114","24513131","2016-04-22","Ultrasound","Open","","","","","2016-04-22 17:23:12 -0500","2016-04-22 17:23:12 -0500"
"5763117","27330217","2016-04-22","Ultrasound","Open","","","","","2016-04-22 17:23:49 -0500","2016-04-22 17:23:49 -0500"
"5763120","22047367","2016-04-22","Ultrasound","Pregnant","","100","2016-10-24","","2016-04-22 17:24:19 -0500","2016-04-22 17:24:19 -0500"
"5763123","24289361","2016-04-22","Ultrasound","Open","","","","","2016-04-22 17:24:43 -0500","2016-04-22 17:24:43 -0500"
"5763126","23907311","2016-04-22","Ultrasound","Pregnant","","100","2016-10-24","","2016-04-22 17:25:23 -0500","2016-04-22 17:25:23 -0500"
"5763129","27897393","2016-04-22","Ultrasound","Pregnant","","120","2016-10-04","","2016-04-22 17:26:30 -0500","2016-04-22 17:26:30 -0500"
"5763132","27897372","2016-04-22","Ultrasound","Open","","","","","2016-04-22 17:26:55 -0500","2016-04-22 17:26:55 -0500"
"5763135","20486326","2016-04-22","Ultrasound","Pregnant","","120","2016-10-04","","2016-04-22 17:27:24 -0500","2016-04-22 17:27:24 -0500"
"5763138","19607058","2016-04-22","Ultrasound","Open","","","","","2016-04-22 17:28:06 -0500","2016-04-22 17:28:06 -0500"
"5763141","24289307","2016-04-22","Ultrasound","Pregnant","","120","2016-10-04","","2016-04-22 17:28:35 -0500","2016-04-22 17:28:35 -0500"
"5763144","27330232","2016-04-22","Ultrasound","Open","","","","","2016-04-22 17:28:58 -0500","2016-04-22 17:28:58 -0500"
"5763147","27330211","2016-04-22","Ultrasound","Pregnant","","120","2016-10-04","","2016-04-22 17:29:26 -0500","2016-04-22 17:29:26 -0500"
"5763150","27330229","2016-04-22","Ultrasound","Pregnant","","110","2016-10-14","","2016-04-22 17:29:54 -0500","2016-04-22 17:29:54 -0500"
"5763153","22302635","2016-04-22","Ultrasound","Open","","","","","2016-04-22 17:30:34 -0500","2016-04-22 17:30:34 -0500"
"5763156","27330205","2016-04-22","Ultrasound","Open","","","","","2016-04-22 17:30:58 -0500","2016-04-22 17:30:58 -0500"
"5763159","20493601","2016-04-22","Ultrasound","Pregnant","","120","2016-10-04","","2016-04-22 17:31:22 -0500","2016-04-22 17:31:22 -0500"
"5763162","22603208","2016-04-22","Ultrasound","Pregnant","","120","2016-10-04","","2016-04-22 17:31:54 -0500","2016-04-22 17:34:47 -0500"
"5763168","27330199","2016-04-22","Ultrasound","Pregnant","","100","2016-10-24","","2016-04-22 17:35:34 -0500","2016-04-22 17:35:34 -0500"
"5763171","27330214","2016-04-22","Ultrasound","Pregnant","","120","2016-10-04","","2016-04-22 17:36:05 -0500","2016-04-22 17:36:05 -0500"
"5763174","24289394","2016-04-22","Ultrasound","Open","","","","","2016-04-22 17:36:34 -0500","2016-04-22 17:36:34 -0500"
"5763177","27330223","2016-04-22","Ultrasound","Open","","","","","2016-04-22 17:37:02 -0500","2016-04-22 17:37:02 -0500"
"5763180","27330202","2016-04-22","Ultrasound","Open","","","","","2016-04-22 17:37:22 -0500","2016-04-22 17:37:22 -0500"
"5763183","19610760","2016-04-22","Ultrasound","Pregnant","","120","2016-10-04","","2016-04-22 17:38:02 -0500","2016-04-22 17:38:02 -0500"
"5763186","20493667","2016-04-22","Ultrasound","Pregnant","","100","2016-10-24","","2016-04-22 17:39:06 -0500","2016-04-22 17:39:06 -0500"
"6145611","20486326","2016-09-29","Observation","Open","","","","Large dead calf","2016-09-30 11:43:51 -0500","2016-09-30 11:45:35 -0500"
"6148014","27330193","2016-09-30","Observation","Open","","","","","2016-09-30 19:17:48 -0500","2016-09-30 19:17:48 -0500"
"6239835","20493706","2016-10-19","Ultrasound","Pregnant","","","","","2016-10-21 08:47:54 -0500","2016-10-21 08:47:54 -0500"
"6239847","22302635","2016-10-19","Ultrasound","Pregnant","","","","","2016-10-21 08:53:08 -0500","2016-10-21 08:53:08 -0500"
"6239850","24513149","2016-10-19","Ultrasound","Pregnant","","","","","2016-10-21 08:54:39 -0500","2016-10-21 08:54:39 -0500"
"6239853","19610808","2016-10-19","Ultrasound","Open","","","","","2016-10-21 08:55:49 -0500","2016-10-21 08:55:49 -0500"
"6239856","24289352","2016-10-19","Ultrasound","Pregnant","","","","","2016-10-21 08:57:05 -0500","2016-10-21 08:57:05 -0500"
"6239859","27330190","2016-10-19","Ultrasound","Open","","","","","2016-10-21 08:57:59 -0500","2016-10-21 08:57:59 -0500"
"6239862","24289394","2016-10-19","Ultrasound","Pregnant","","","","","2016-10-21 08:59:01 -0500","2016-10-21 08:59:01 -0500"
"6239865","22047349","2016-10-19","Ultrasound","Pregnant","","","","","2016-10-21 08:59:46 -0500","2016-10-21 08:59:46 -0500"
"6239868","24513164","2016-10-19","Ultrasound","Open","","","","","2016-10-21 09:00:28 -0500","2016-10-21 09:00:28 -0500"
"6239871","22603208","2016-10-19","Ultrasound","Open","","","","","2016-10-21 09:01:41 -0500","2016-10-21 09:01:41 -0500"
"6239874","19610898","2016-10-19","Ultrasound","Pregnant","","","","","2016-10-21 09:06:05 -0500","2016-10-21 09:06:05 -0500"
"6239877","24513122","2016-10-19","Ultrasound","Pregnant","","","","","2016-10-21 09:07:16 -0500","2016-10-21 09:07:16 -0500"
"6239880","20493625","2016-10-19","Ultrasound","Pregnant","","","","","2016-10-21 09:08:30 -0500","2016-10-21 09:08:30 -0500"
"6239883","19610796","2016-10-19","Ultrasound","Pregnant","","","","","2016-10-21 09:09:18 -0500","2016-10-21 09:09:18 -0500"
"6239886","27330205","2016-10-19","Ultrasound","Open","","","","","2016-10-21 09:10:01 -0500","2016-10-21 09:10:01 -0500"
"6239889","25656836","2016-10-19","Ultrasound","Pregnant","","","","","2016-10-21 09:10:46 -0500","2016-10-21 09:10:46 -0500"
"6239892","22047367","2016-10-19","Ultrasound","Open","","","","","2016-10-21 09:11:42 -0500","2016-10-21 09:11:42 -0500"
"6239901","21819892","2016-10-19","Ultrasound","Pregnant","","","","","2016-10-21 09:14:20 -0500","2016-10-21 09:14:20 -0500"
"6239913","28060485","2016-10-19","Ultrasound","Pregnant","","","","","2016-10-21 09:18:13 -0500","2016-10-21 09:18:13 -0500"
"6239922","24513194","2016-10-19","Ultrasound","Pregnant","","","","","2016-10-21 09:19:03 -0500","2016-10-21 09:19:03 -0500"
"6239925","24289376","2016-10-19","Ultrasound","Pregnant","","","","","2016-10-21 09:19:46 -0500","2016-10-21 09:19:46 -0500"
"6239931","19610778","2016-10-19","Ultrasound","Pregnant","","","","","2016-10-21 09:20:48 -0500","2016-10-21 09:20:48 -0500"
"6239943","27897399","2016-10-19","Ultrasound","Pregnant","","","","","2016-10-21 09:25:02 -0500","2016-10-21 09:25:02 -0500"
"6239946","28060482","2016-10-19","Ultrasound","Pregnant","","","","","2016-10-21 09:25:35 -0500","2016-10-21 09:25:35 -0500"
"6239964","19692253","2016-10-19","Ultrasound","Pregnant","","","","","2016-10-21 09:30:25 -0500","2016-10-21 09:30:25 -0500"
"6239967","20493601","2016-10-19","Ultrasound","Open","","","","with calf","2016-10-21 09:33:00 -0500","2016-10-25 08:50:14 -0500"
"6243759","20469046","2016-10-19","Ultrasound","Pregnant","","","","","2016-10-21 15:18:24 -0500","2016-10-21 15:18:24 -0500"
"6243762","19610802","2016-10-19","Ultrasound","Pregnant","","","","","2016-10-21 15:19:51 -0500","2016-10-21 15:19:51 -0500"
"6243765","25578131","2016-10-19","Ultrasound","Pregnant","","","","","2016-10-21 15:20:38 -0500","2016-10-21 15:20:38 -0500"
"6243768","24513191","2016-10-19","Ultrasound","Open","","","","","2016-10-21 15:22:18 -0500","2016-10-21 15:22:18 -0500"
"6243771","24384251","2016-10-19","Ultrasound","Pregnant","","","","","2016-10-21 15:23:36 -0500","2016-10-21 15:23:36 -0500"
"6243774","21819877","2016-10-19","Ultrasound","Pregnant","","","","","2016-10-21 15:24:37 -0500","2016-10-21 15:24:37 -0500"
"6243777","24513146","2016-10-19","Ultrasound","Open","","","","","2016-10-21 15:26:41 -0500","2016-10-21 15:26:41 -0500"
"6243780","21818413","2016-10-19","Ultrasound","Pregnant","","","","","2016-10-21 15:27:40 -0500","2016-10-21 15:27:40 -0500"
"6243909","22020445","2016-10-19","Ultrasound","Pregnant","","","","","2016-10-21 15:46:07 -0500","2016-10-21 15:46:07 -0500"
"6243921","27330202","2016-10-19","Ultrasound","Open","","","","","2016-10-21 15:47:24 -0500","2016-10-21 15:47:24 -0500"
"6243930","24289355","2016-10-19","Ultrasound","Pregnant","","","","","2016-10-21 15:51:29 -0500","2016-10-21 15:51:29 -0500"
"6243936","28060506","2016-10-19","Ultrasound","Pregnant","","","","","2016-10-21 15:52:04 -0500","2016-10-21 15:52:04 -0500"
"6243942","24513116","2016-10-19","Ultrasound","Open","","","","","2016-10-21 15:52:52 -0500","2016-10-21 15:52:52 -0500"
"6243945","24513125","2016-10-19","Ultrasound","Open","","","","","2016-10-21 15:53:38 -0500","2016-10-21 15:53:38 -0500"
"6243951","27897372","2016-10-19","Ultrasound","Pregnant","","","","","2016-10-21 15:54:42 -0500","2016-10-21 15:54:42 -0500"
"6243957","24289346","2016-10-19","Ultrasound","Pregnant","","","","","2016-10-21 15:55:11 -0500","2016-10-21 15:55:11 -0500"
"6243960","25806287","2016-10-19","Ultrasound","Pregnant","","","","","2016-10-21 15:55:41 -0500","2016-10-21 15:55:41 -0500"
"6248136","19610787","2016-10-19","Ultrasound","Pregnant","","","","","2016-10-22 05:48:57 -0500","2016-10-22 05:48:57 -0500"
"6248139","26031119","2016-10-19","Ultrasound","Pregnant","","","","","2016-10-22 05:49:52 -0500","2016-10-22 05:49:52 -0500"
"6248142","21818383","2016-10-19","Ultrasound","Pregnant","","","","","2016-10-22 05:50:57 -0500","2016-10-22 05:50:57 -0500"
"6248145","19727668","2016-10-19","Ultrasound","Pregnant","","","","","2016-10-22 05:53:09 -0500","2016-10-22 05:53:09 -0500"
"6248148","27897363","2016-10-19","Ultrasound","Pregnant","","","","","2016-10-22 05:55:51 -0500","2016-10-22 05:55:51 -0500"
"6248151","24513140","2016-10-19","Ultrasound","Pregnant","","","","","2016-10-22 05:58:20 -0500","2016-10-22 05:58:20 -0500"
"6248154","28060488","2016-10-19","Ultrasound","Pregnant","","","","","2016-10-22 05:59:14 -0500","2016-10-22 05:59:14 -0500"
"6248157","24289304","2016-10-19","Ultrasound","Pregnant","","","","","2016-10-22 06:00:21 -0500","2016-10-22 06:00:21 -0500"
"6248160","24289391","2016-10-19","Ultrasound","Pregnant","","","","","2016-10-22 06:01:14 -0500","2016-10-22 06:01:14 -0500"
"6248163","27897402","2016-10-19","Ultrasound","Pregnant","","","","","2016-10-22 06:02:02 -0500","2016-10-22 06:02:02 -0500"
"6248166","22020535","2016-10-19","Ultrasound","Pregnant","","","","","2016-10-22 06:03:43 -0500","2016-10-22 06:03:43 -0500"
"6248169","27330193","2016-10-19","Ultrasound","Open","","","","","2016-10-22 06:05:26 -0500","2016-10-22 06:05:26 -0500"
"6248172","19610907","2016-10-19","Ultrasound","Pregnant","","","","","2016-10-22 06:06:12 -0500","2016-10-22 06:06:12 -0500"
"6248175","22741982","2016-10-19","Ultrasound","Pregnant","","","","","2016-10-22 06:06:50 -0500","2016-10-22 06:06:50 -0500"
"6248178","22020559","2016-10-19","Ultrasound","Pregnant","","","","","2016-10-22 06:07:52 -0500","2016-10-22 06:07:52 -0500"
"6248181","24289301","2016-10-19","Ultrasound","Pregnant","","","","","2016-10-22 06:08:54 -0500","2016-10-22 06:08:54 -0500"
"6248184","21819736","2016-10-19","Ultrasound","Pregnant","","","","","2016-10-22 06:09:44 -0500","2016-10-22 06:09:44 -0500"
"6248187","22166194","2016-10-19","Ultrasound","Pregnant","","","","","2016-10-22 06:10:21 -0500","2016-10-22 06:10:21 -0500"
"6248190","23907323","2016-10-19","Observation","Open","","","","with calf","2016-10-22 06:11:12 -0500","2016-10-25 07:52:21 -0500"
"6248193","21819835","2016-10-19","Ultrasound","Open","","","","","2016-10-22 06:12:16 -0500","2016-10-22 06:12:16 -0500"
"6248196","25873070","2016-10-19","Ultrasound","Pregnant","","","","","2016-10-22 06:13:37 -0500","2016-10-22 06:13:37 -0500"
"6248199","19610805","2016-10-19","Ultrasound","Pregnant","","","","","2016-10-22 06:14:32 -0500","2016-10-22 06:14:32 -0500"
"6248202","21888790","2016-10-19","Ultrasound","Pregnant","","","","","2016-10-22 06:15:34 -0500","2016-10-22 06:15:34 -0500"
"6248205","28060497","2016-10-19","Ultrasound","Pregnant","","","","","2016-10-22 06:16:30 -0500","2016-10-22 06:16:30 -0500"
"6248208","22741985","2016-10-19","Ultrasound","Pregnant","","","","","2016-10-22 06:19:38 -0500","2016-10-22 06:19:38 -0500"
"6248211","28060494","2016-10-19","Ultrasound","Pregnant","","","","","2016-10-22 06:20:42 -0500","2016-10-22 06:20:42 -0500"
"6248214","24513161","2016-10-19","Ultrasound","Pregnant","","","","","2016-10-22 06:22:43 -0500","2016-10-22 06:22:43 -0500"
"6248217","24513155","2016-10-19","Ultrasound","Pregnant","","","","","2016-10-22 06:23:19 -0500","2016-10-22 06:23:19 -0500"
"6248220","24513179","2016-10-19","Ultrasound","Pregnant","","","","","2016-10-22 06:25:42 -0500","2016-10-22 06:25:42 -0500"
"6248223","20510275","2016-10-19","Ultrasound","Pregnant","","","","","2016-10-22 06:26:43 -0500","2016-10-22 06:26:43 -0500"
"6248226","24289340","2016-10-19","Ultrasound","Open","","","","","2016-10-22 06:29:49 -0500","2016-10-22 06:29:49 -0500"
"6248229","22047382","2016-10-19","Ultrasound","Pregnant","","","","","2016-10-22 06:30:52 -0500","2016-10-22 06:30:52 -0500"
"6248232","21818455","2016-10-19","Ultrasound","Open","","","","","2016-10-22 06:31:20 -0500","2016-10-22 06:31:20 -0500"
"6248235","24513137","2016-10-19","Ultrasound","Pregnant","","","","","2016-10-22 06:31:58 -0500","2016-10-22 06:31:58 -0500"
"6248238","27330187","2016-10-19","Ultrasound","Pregnant","","","","","2016-10-22 06:32:43 -0500","2016-10-22 06:32:43 -0500"
"6248241","21819703","2016-10-19","Ultrasound","Pregnant","","","","","2016-10-22 06:34:42 -0500","2016-10-22 06:34:42 -0500"
"6248373","21819781","2016-10-19","Ultrasound","Open","","","","","2016-10-22 07:56:45 -0500","2016-10-22 07:56:45 -0500"
"6248376","24289343","2016-10-19","Ultrasound","Open","","","","","2016-10-22 07:57:30 -0500","2016-10-22 07:57:30 -0500"
"6248379","22189510","2016-10-19","Ultrasound","Pregnant","","","","","2016-10-22 07:58:04 -0500","2016-10-22 07:58:04 -0500"
"6248382","24253490","2016-10-19","Observation","Open","","","","with calf","2016-10-22 07:58:48 -0500","2016-10-25 09:04:28 -0500"
"6248385","22741802","2016-10-19","Ultrasound","Open","","","","","2016-10-22 07:59:36 -0500","2016-10-22 07:59:36 -0500"
"6249537","24513176","2016-10-19","Ultrasound","Open","","","","","2016-10-22 10:59:33 -0500","2016-10-22 10:59:33 -0500"
"6249546","27330223","2016-10-19","Ultrasound","Pregnant","","","","","2016-10-22 11:01:52 -0500","2016-10-22 11:01:52 -0500"
"6249549","24289385","2016-10-19","Ultrasound","Pregnant","","","","","2016-10-22 11:02:28 -0500","2016-10-22 11:02:28 -0500"
"6249555","28060509","2016-10-19","Ultrasound","Pregnant","","","","","2016-10-22 11:03:09 -0500","2016-10-22 11:03:09 -0500"
"6249651","24289331","2016-10-19","Ultrasound","Pregnant","","","","","2016-10-22 11:06:07 -0500","2016-10-22 11:06:07 -0500"
"6249657","24289319","2016-10-19","Observation","Open","","","","with calf","2016-10-22 11:07:00 -0500","2016-10-25 09:06:23 -0500"
"6249672","20512942","2016-10-19","Ultrasound","Pregnant","","","","","2016-10-22 11:11:29 -0500","2016-10-22 11:11:29 -0500"
"6249675","24289370","2016-10-19","Ultrasound","Pregnant","","","","","2016-10-22 11:12:29 -0500","2016-10-22 11:12:29 -0500"
"6249678","28060491","2016-10-19","Ultrasound","Pregnant","","","","","2016-10-22 11:13:00 -0500","2016-10-22 11:13:00 -0500"
"6249681","24289388","2016-10-19","Ultrasound","Pregnant","","","","","2016-10-22 11:13:32 -0500","2016-10-22 11:13:32 -0500"
"6249687","24513188","2016-10-19","Ultrasound","Pregnant","","","","","2016-10-22 11:14:13 -0500","2016-10-22 11:14:13 -0500"
"6249690","24289397","2016-10-19","Ultrasound","Pregnant","","","","","2016-10-22 11:15:01 -0500","2016-10-22 11:15:01 -0500"
"6249696","24289379","2016-10-19","Observation","Open","","","","with calf","2016-10-22 11:15:54 -0500","2016-10-25 09:08:47 -0500"
"6249708","28060512","2016-10-19","Ultrasound","Open","","","","","2016-10-22 11:19:54 -0500","2016-10-22 11:19:54 -0500"
"6249723","26030204","2016-10-19","Ultrasound","Pregnant","","","","","2016-10-22 11:24:32 -0500","2016-10-22 11:24:32 -0500"
"6250335","24289361","2016-10-19","Ultrasound","Pregnant","","","","","2016-10-22 13:47:27 -0500","2016-10-22 13:47:27 -0500"
"6257307","24289367","2016-10-19","Ultrasound","Pregnant","","","","","2016-10-24 06:00:17 -0500","2016-10-24 06:00:17 -0500"
"6257310","24289322","2016-10-19","Ultrasound","Pregnant","","","","","2016-10-24 06:01:15 -0500","2016-10-24 06:01:15 -0500"
"6257313","27330214","2016-10-19","Observation","Open","","","","","2016-10-24 06:04:16 -0500","2016-10-24 06:04:16 -0500"
"6257316","24138989","2016-10-19","Ultrasound","Pregnant","","","","","2016-10-24 06:04:49 -0500","2016-10-24 06:04:49 -0500"
"6257319","24503801","2016-10-19","Ultrasound","Pregnant","","","","","2016-10-24 06:06:17 -0500","2016-10-24 06:06:17 -0500"
"6257322","24513143","2016-10-19","Ultrasound","Pregnant","","","","","2016-10-24 06:06:49 -0500","2016-10-24 06:06:49 -0500"
"6257325","24513185","2016-10-19","Ultrasound","Open","","","","","2016-10-24 06:07:54 -0500","2016-10-24 06:07:54 -0500"
"6257328","20493472","2016-10-19","Ultrasound","Pregnant","","","","","2016-10-24 06:09:51 -0500","2016-10-24 06:09:51 -0500"
"6257331","24513113","2016-10-19","Ultrasound","Pregnant","","","","","2016-10-24 06:11:37 -0500","2016-10-24 06:11:37 -0500"
"6257334","23911661","2016-10-19","Ultrasound","Pregnant","","","","","2016-10-24 06:12:16 -0500","2016-10-24 06:12:16 -0500"
"6257337","24513128","2016-10-19","Ultrasound","Pregnant","","","","","2016-10-24 06:13:37 -0500","2016-10-24 06:13:37 -0500"
"6257340","24289373","2016-10-19","Ultrasound","Pregnant","","","","","2016-10-24 06:14:24 -0500","2016-10-24 06:14:24 -0500"
"6257343","22189504","2016-10-19","Ultrasound","Pregnant","","","","","2016-10-24 06:17:21 -0500","2016-10-24 06:17:21 -0500"
"6257346","25384562","2016-10-19","Ultrasound","Pregnant","","","","","2016-10-24 06:17:49 -0500","2016-10-24 06:17:49 -0500"
"6257349","24513170","2016-10-19","Ultrasound","Open","","","","","2016-10-24 06:18:33 -0500","2016-10-24 06:18:58 -0500"
"6257352","24289334","2016-10-19","Observation","Open","","","","with calf","2016-10-24 06:19:50 -0500","2016-10-24 06:19:50 -0500"
"6257355","24289337","2016-10-19","Ultrasound","Pregnant","","","","","2016-10-24 06:20:29 -0500","2016-10-24 06:20:29 -0500"
"6257358","25315314","2016-10-19","Ultrasound","Pregnant","","","","","2016-10-24 06:22:00 -0500","2016-10-24 06:22:00 -0500"
"6257361","24289364","2016-10-19","Ultrasound","Pregnant","","","","","2016-10-24 06:22:49 -0500","2016-10-24 06:22:49 -0500"
"6257364","20493847","2016-10-19","Ultrasound","Pregnant","","","","","2016-10-24 06:23:25 -0500","2016-10-24 06:23:25 -0500"
"6257367","24289271","2016-10-19","Ultrasound","Pregnant","","","","","2016-10-24 06:24:42 -0500","2016-10-24 06:24:42 -0500"
"6257370","24513152","2016-10-19","Ultrasound","Open","","","","","2016-10-24 06:26:27 -0500","2016-10-24 06:26:27 -0500"
"6257373","19727674","2016-10-19","Ultrasound","Pregnant","","","","","2016-10-24 06:30:51 -0500","2016-10-24 06:30:51 -0500"
"6257376","27330226","2016-10-19","Observation","Open","","","","","2016-10-24 06:32:21 -0500","2016-10-24 06:32:21 -0500"
"6257379","24289325","2016-10-19","Observation","Open","","","","with calf","2016-10-24 06:33:41 -0500","2016-10-25 08:19:18 -0500"
"6257382","28060479","2016-10-19","Ultrasound","Pregnant","","","","","2016-10-24 06:34:44 -0500","2016-10-24 06:34:44 -0500"
"6257385","24289313","2016-10-19","Ultrasound","Pregnant","","","","","2016-10-24 06:38:12 -0500","2016-10-24 06:38:12 -0500"
"6257388","20509930","2016-10-19","Ultrasound","Pregnant","","","","","2016-10-24 06:40:03 -0500","2016-10-24 06:40:03 -0500"
"6257394","25315323","2016-10-19","Ultrasound","Pregnant","","","","","2016-10-24 06:41:40 -0500","2016-10-31 11:08:48 -0500"
"6257397","19610922","2016-10-19","Ultrasound","Pregnant","","","","","2016-10-24 06:43:50 -0500","2016-10-24 06:43:50 -0500"
"6257400","24289328","2016-10-19","Ultrasound","Pregnant","","","","","2016-10-24 06:44:37 -0500","2016-10-24 06:44:37 -0500"
"6257403","22302638","2016-10-19","Ultrasound","Pregnant","","","","","2016-10-24 06:45:39 -0500","2016-10-24 06:45:39 -0500"
"6257406","27330220","2016-10-19","Ultrasound","Pregnant","","","","","2016-10-24 06:46:16 -0500","2016-10-24 06:46:16 -0500"
"6257409","22741808","2016-10-19","Ultrasound","Open","","","","","2016-10-24 06:47:37 -0500","2016-10-24 06:47:37 -0500"
"6257412","25382777","2016-10-19","Ultrasound","Open","","","","","2016-10-24 06:48:03 -0500","2016-10-24 06:48:03 -0500"
"6257415","27330217","2016-10-19","Ultrasound","Pregnant","","","","","2016-10-24 06:48:33 -0500","2016-10-24 06:48:33 -0500"
"6257418","28060500","2016-10-19","Ultrasound","Pregnant","","","","","2016-10-24 06:49:28 -0500","2016-10-24 06:49:28 -0500"
"6257421","22020433","2016-10-19","Ultrasound","Pregnant","","","","","2016-10-24 06:50:13 -0500","2016-10-24 06:50:13 -0500"
"6257424","24513182","2016-10-19","Ultrasound","Pregnant","","","","","2016-10-24 06:50:39 -0500","2016-10-24 06:50:39 -0500"
"6257427","20565319","2016-10-19","Ultrasound","Pregnant","","","","","2016-10-24 06:51:36 -0500","2016-10-24 06:51:36 -0500"
"6257430","22741778","2016-10-19","Ultrasound","Pregnant","","","","","2016-10-24 06:56:02 -0500","2016-10-24 06:56:02 -0500"
"6257433","21819760","2016-10-19","Ultrasound","Pregnant","","","","","2016-10-24 06:56:47 -0500","2016-10-24 06:56:47 -0500"
"6257436","24513131","2016-10-19","Ultrasound","Pregnant","","","","","2016-10-24 06:57:56 -0500","2016-10-24 06:57:56 -0500"
"6257439","24289349","2016-10-19","Ultrasound","Pregnant","","","","","2016-10-24 06:58:24 -0500","2016-10-24 06:58:24 -0500"
"6257442","24299582","2016-10-19","Ultrasound","Pregnant","","","","","2016-10-24 06:58:48 -0500","2016-10-24 06:58:48 -0500"
"6257445","24513134","2016-10-19","Ultrasound","Pregnant","","","","","2016-10-24 06:59:33 -0500","2016-10-24 06:59:33 -0500"
"6257448","24289310","2016-10-19","Ultrasound","Pregnant","","","","","2016-10-24 07:00:07 -0500","2016-10-24 07:00:07 -0500"
"6257451","22274663","2016-10-19","Ultrasound","Pregnant","","","","","2016-10-24 07:02:34 -0500","2016-10-24 07:02:34 -0500"
"6257454","24513158","2016-10-19","Ultrasound","Open","","","","","2016-10-24 07:03:58 -0500","2016-10-24 07:03:58 -0500"
"6257457","24513167","2016-10-19","Ultrasound","Pregnant","","","","","2016-10-24 07:07:07 -0500","2016-10-24 07:07:07 -0500"
"6257460","28060503","2016-10-19","Ultrasound","Pregnant","","","","","2016-10-24 07:07:36 -0500","2016-10-24 07:07:36 -0500"
"6257496","23907311","2016-10-19","Ultrasound","Open","","","","","2016-10-24 09:12:09 -0500","2016-10-24 09:12:09 -0500"
"6257502","27330196","2016-10-19","Observation","Open","","","","with calf","2016-10-24 09:12:53 -0500","2016-10-24 09:12:53 -0500"
"6257538","32548284","2016-10-19","Observation","Open","","","","","2016-10-24 09:30:21 -0500","2016-10-24 09:30:21 -0500"
"6257556","19610760","2016-10-19","Observation","Open","","","","with calf","2016-10-24 09:41:19 -0500","2016-10-25 07:56:18 -0500"
"6257559","20486326","2016-10-19","Observation","Open","","","","with calf","2016-10-24 09:41:56 -0500","2016-10-25 07:57:45 -0500"
"6257562","27330199","2016-10-19","Observation","Open","","","","with calf","2016-10-24 09:42:34 -0500","2016-10-25 07:58:05 -0500"
"6257565","24289307","2016-10-19","Observation","Open","","","","with calf","2016-10-24 09:43:32 -0500","2016-10-25 07:58:34 -0500"
"6257568","20493667","2016-10-19","Observation","Open","","","","with calf","2016-10-24 09:45:53 -0500","2016-10-25 08:01:35 -0500"
"6257940","27330208","2016-10-19","Observation","Open","","","","with calf
","2016-10-24 10:58:29 -0500","2016-10-24 10:58:29 -0500"
"6260235","27897378","2016-10-19","Ultrasound","Pregnant","","","","","2016-10-24 13:16:29 -0500","2016-10-24 13:16:29 -0500"
"6262635","24289358","2016-10-19","Ultrasound","Pregnant","","","","","2016-10-24 18:23:46 -0500","2016-10-24 18:23:46 -0500"
"6264096","20629108","2016-10-19","Ultrasound","Pregnant","","","","","2016-10-25 07:46:16 -0500","2016-10-25 07:46:16 -0500"
"6264099","19610916","2016-10-19","Ultrasound","Open","","","","","2016-10-25 07:47:21 -0500","2016-10-25 07:47:21 -0500"
"6264102","22020568","2016-10-19","Ultrasound","Pregnant","","","","","2016-10-25 07:50:27 -0500","2016-10-25 07:50:27 -0500"
"6264186","27897384","2016-10-19","Ultrasound","Open","","","","","2016-10-25 08:40:11 -0500","2016-10-25 08:40:11 -0500"
"6264189","27330211","2016-10-19","Observation","Open","","","","with calf","2016-10-25 08:56:11 -0500","2016-10-25 08:56:11 -0500"
"6264192","20456755","2016-10-19","Observation","Open","","","","with calf","2016-10-25 08:57:01 -0500","2016-10-25 08:57:01 -0500"
"6264195","22603223","2016-10-19","Observation","Open","","","","with calf","2016-10-25 08:57:37 -0500","2016-10-25 08:57:37 -0500"
"6264198","27330229","2016-10-19","Observation","Open","","","","with calf","2016-10-25 08:59:48 -0500","2016-10-25 08:59:48 -0500"
"6264201","24289316","2016-10-19","Observation","Open","","","","with calf","2016-10-25 09:00:56 -0500","2016-10-25 09:00:56 -0500"
"6264615","32570214","2016-10-19","Ultrasound","Open","","","","","2016-10-25 09:42:00 -0500","2016-10-25 09:42:00 -0500"
"6264624","32570247","2016-10-19","Ultrasound","Open","","","","","2016-10-25 09:47:15 -0500","2016-10-25 09:47:15 -0500"
"6292650","32607075","2016-10-27","Ultrasound","Pregnant","","94","2017-05-06","","2016-10-27 17:06:55 -0500","2016-10-27 17:36:27 -0500"
"6292653","32607117","2016-10-27","Ultrasound","Pregnant","","80","2017-05-20","","2016-10-27 17:08:49 -0500","2016-10-27 17:08:49 -0500"
"6292656","32607186","2016-10-27","Ultrasound","Pregnant","","100","2017-04-30","","2016-10-27 17:18:15 -0500","2016-10-27 17:18:15 -0500"
"6292659","32607207","2016-10-27","Ultrasound","Pregnant","","120","2017-04-10","","2016-10-27 17:21:44 -0500","2016-10-27 17:21:44 -0500"
"6292662","32607231","2016-10-27","Ultrasound","Pregnant","","94","2017-05-06","","2016-10-27 17:24:06 -0500","2016-10-27 17:36:47 -0500"
"6292665","32607234","2016-10-27","Ultrasound","Open","","","","","2016-10-27 17:26:03 -0500","2016-10-27 17:26:03 -0500"
"6292668","32607237","2016-10-27","Ultrasound","Open","","","","","2016-10-27 17:28:00 -0500","2016-10-27 17:28:00 -0500"
"6292671","32607240","2016-10-27","Ultrasound","Open","","","","","2016-10-27 17:33:26 -0500","2016-10-27 17:33:26 -0500"
"6292674","32607255","2016-10-27","Ultrasound","Pregnant","","94","2017-05-06","","2016-10-27 17:35:16 -0500","2016-10-27 17:35:41 -0500"
"6292677","32607261","2016-10-27","Ultrasound","Pregnant","","100","2017-04-30","","2016-10-27 17:38:35 -0500","2016-10-27 17:38:35 -0500"
"6292683","32607264","2016-10-27","Ultrasound","Open","","","","","2016-10-27 17:40:19 -0500","2016-10-27 17:40:19 -0500"
"6292686","32607363","2016-10-27","Ultrasound","Open","","","","WITH CALF","2016-10-27 18:05:59 -0500","2016-10-27 18:05:59 -0500"
"6292689","32607375","2016-10-27","Ultrasound","Open","","","","","2016-10-27 18:08:54 -0500","2016-10-27 18:08:54 -0500"
"6293100","32607645","2016-10-27","Ultrasound","Pregnant","","100","2017-04-30","","2016-10-27 19:09:21 -0500","2016-10-27 19:09:21 -0500"
"6294357","32609334","2016-10-27","Ultrasound","Pregnant","","110","2017-04-20","","2016-10-28 06:16:07 -0500","2016-10-28 06:16:07 -0500"
"6294360","32609337","2016-10-27","Ultrasound","Open","","","","","2016-10-28 06:18:43 -0500","2016-10-28 06:18:43 -0500"
"6294363","32609376","2016-10-27","Ultrasound","Open","","","","","2016-10-28 06:22:48 -0500","2016-10-28 06:22:48 -0500"
"6294366","32609379","2016-10-27","Ultrasound","Pregnant","","94","2017-05-06","","2016-10-28 06:25:11 -0500","2016-10-28 06:25:11 -0500"
"6294369","32609382","2016-10-27","Ultrasound","Pregnant","","120","2017-04-10","","2016-10-28 06:27:51 -0500","2016-10-28 06:27:51 -0500"
"6294372","32609391","2016-10-27","Ultrasound","Pregnant","","94","2017-05-06","","2016-10-28 06:32:04 -0500","2016-10-28 06:32:04 -0500"
"6294375","32609394","2016-10-27","Ultrasound","Pregnant","","94","2017-05-06","","2016-10-28 06:34:46 -0500","2016-10-28 06:34:46 -0500"
"6294378","32609397","2016-10-27","Ultrasound","Pregnant","","94","2017-05-06","","2016-10-28 06:37:34 -0500","2016-10-28 06:37:34 -0500"
"6294381","32609406","2016-10-27","Ultrasound","Pregnant","","90","2017-05-10","","2016-10-28 06:44:30 -0500","2016-10-28 06:44:30 -0500"
"6294384","32609409","2016-10-27","Ultrasound","Pregnant","","60","2017-06-09","","2016-10-28 06:47:06 -0500","2016-10-28 06:47:06 -0500"
"6294387","32609415","2016-10-27","Ultrasound","Pregnant","","94","2017-05-06","","2016-10-28 06:49:19 -0500","2016-10-28 06:49:19 -0500"
"6294390","32609421","2016-10-27","Ultrasound","Pregnant","","94","2017-05-06","","2016-10-28 06:51:59 -0500","2016-10-28 06:51:59 -0500"
"6294864","32609964","2016-10-27","Ultrasound","Pregnant","","94","2017-05-06","","2016-10-28 09:25:12 -0500","2016-10-28 09:25:12 -0500"
"6294870","32609970","2016-10-27","Ultrasound","Pregnant","","94","2017-05-10","","2016-10-28 09:26:56 -0500","2016-10-28 09:26:56 -0500"
"6294882","32609979","2016-10-27","Ultrasound","Pregnant","","94","2017-05-06","","2016-10-28 09:29:06 -0500","2016-10-28 09:29:06 -0500"
"6294894","32609985","2016-10-27","Ultrasound","Pregnant","","94","2017-05-06","","2016-10-28 09:31:09 -0500","2016-10-28 09:31:09 -0500"
"6294927","32610006","2016-10-27","Ultrasound","Pregnant","","94","2017-05-06","","2016-10-28 09:34:33 -0500","2016-10-28 09:34:33 -0500"
"6294969","32610048","2016-10-27","Ultrasound","Pregnant","","94","2017-05-06","","2016-10-28 09:39:32 -0500","2016-10-28 09:39:32 -0500"
"6294978","32610054","2016-10-27","Ultrasound","Pregnant","","110","2017-04-20","","2016-10-28 09:41:21 -0500","2016-10-28 09:41:21 -0500"
"6294987","32610069","2016-10-27","Ultrasound","Pregnant","","110","2017-04-24","","2016-10-28 09:43:06 -0500","2016-10-28 09:43:06 -0500"
"6294996","32610084","2016-10-27","Ultrasound","Pregnant","","120","2017-04-10","","2016-10-28 09:44:57 -0500","2016-10-28 09:44:57 -0500"
"6294999","32610093","2016-10-27","Ultrasound","Pregnant","","55","2017-06-14","","2016-10-28 09:46:43 -0500","2016-10-28 09:46:43 -0500"
"6295005","32610102","2016-10-27","Ultrasound","Pregnant","","30","2017-07-09","","2016-10-28 09:48:21 -0500","2016-10-28 09:48:21 -0500"
"6295008","32610123","2016-10-27","Ultrasound","Pregnant","","94","2017-05-06","","2016-10-28 09:50:33 -0500","2016-10-28 09:50:33 -0500"
"6295158","32610141","2016-10-27","Ultrasound","Pregnant","","110","2017-04-20","","2016-10-28 09:57:23 -0500","2016-10-28 09:57:23 -0500"
"6295161","32610147","2016-10-27","Ultrasound","Pregnant","","94","2017-05-06","","2016-10-28 09:59:27 -0500","2016-10-28 09:59:27 -0500"
"6295164","32610153","2016-10-27","Ultrasound","Pregnant","","94","2017-05-06","","2016-10-28 10:01:18 -0500","2016-10-28 10:01:18 -0500"
"6295167","32610177","2016-10-27","Ultrasound","Open","","","","","2016-10-28 10:03:15 -0500","2016-10-28 10:03:15 -0500"
"6295170","32610201","2016-10-27","Ultrasound","Pregnant","","94","2017-05-06","","2016-10-28 10:06:18 -0500","2016-10-28 10:06:18 -0500"
"6295173","32610234","2016-10-27","Ultrasound","Pregnant","","140","2017-03-21","","2016-10-28 10:08:50 -0500","2016-10-28 10:08:50 -0500"
"6295176","32610279","2016-10-27","Ultrasound","Pregnant","","130","2017-03-31","","2016-10-28 10:12:15 -0500","2016-10-28 10:12:15 -0500"
"6295179","32610294","2016-10-27","Ultrasound","Pregnant","","70","2017-05-30","","2016-10-28 10:13:39 -0500","2016-10-28 10:13:39 -0500"
"6295182","32610330","2016-10-27","Ultrasound","Pregnant","","94","2017-05-06","","2016-10-28 10:15:24 -0500","2016-10-28 10:15:24 -0500"
"6295185","32610381","2016-10-27","Ultrasound","Pregnant","","94","2017-05-06","","2016-10-28 10:18:05 -0500","2016-10-28 10:18:05 -0500"
"6295188","32610423","2016-10-27","Ultrasound","Pregnant","","94","2017-05-06","","2016-10-28 10:20:34 -0500","2016-10-28 10:20:34 -0500"
"6295191","32610435","2016-10-27","Ultrasound","Pregnant","","90","2017-05-10","","2016-10-28 10:22:14 -0500","2016-10-28 10:22:14 -0500"
"6295194","32610447","2016-10-27","Ultrasound","Pregnant","","70","2017-05-30","","2016-10-28 10:23:41 -0500","2016-10-28 10:23:41 -0500"
"6295197","32610465","2016-10-27","Ultrasound","Pregnant","","60","2017-06-09","","2016-10-28 10:26:39 -0500","2016-10-28 10:26:39 -0500"
"6295251","32610483","2016-10-27","Ultrasound","Pregnant","","120","2017-04-10","","2016-10-28 10:28:07 -0500","2016-10-28 10:28:07 -0500"
"6295254","32610501","2016-10-27","Ultrasound","Pregnant","","94","2017-05-06","","2016-10-28 10:30:33 -0500","2016-10-28 10:30:33 -0500"
"6295257","32610510","2016-10-27","Ultrasound","Pregnant","","100","2017-04-30","","2016-10-28 10:32:29 -0500","2016-10-28 10:32:29 -0500"
"6295260","32610522","2016-10-27","Ultrasound","Pregnant","","100","2017-04-30","","2016-10-28 10:34:06 -0500","2016-10-28 10:34:06 -0500"
"6295263","32610552","2016-10-27","Ultrasound","Pregnant","","30","2017-07-09","","2016-10-28 10:38:54 -0500","2016-10-28 10:38:54 -0500"
"6295266","32610564","2016-10-27","Ultrasound","Pregnant","","94","2017-05-06","","2016-10-28 10:40:51 -0500","2016-10-28 10:40:51 -0500"
"6295269","32610585","2016-10-27","Ultrasound","Pregnant","","80","2017-05-20","","2016-10-28 10:42:25 -0500","2016-10-28 10:42:25 -0500"
"6314145","32645946","2016-10-19","Ultrasound","Open","","","","","2016-10-31 11:13:53 -0500","2016-10-31 11:13:53 -0500"
"6322206","32656242","2016-10-19","Ultrasound","Open","","","","","2016-11-01 17:07:10 -0500","2016-11-01 17:07:10 -0500"
"7432851","23911661","2017-09-25","Ultrasound","Pregnant","","135","2018-02-26","","2017-09-27 07:06:16 -0500","2017-09-27 07:06:16 -0500"
"7432854","21818413","2017-09-25","Ultrasound","Pregnant","","100","2018-04-02","","2017-09-27 07:06:16 -0500","2017-09-27 07:06:16 -0500"
"7432857","21819877","2017-09-25","Ultrasound","Pregnant","","120","2018-03-13","","2017-09-27 07:06:16 -0500","2017-09-27 07:06:16 -0500"
"7432860","21819736","2017-09-25","Ultrasound","Pregnant","","130","2018-03-03","","2017-09-27 07:06:16 -0500","2017-09-27 07:06:16 -0500"
"7493610","21888790","2017-09-25","Ultrasound","Open","","","","","2017-10-11 16:55:39 -0500","2017-10-11 16:55:39 -0500"
"7493613","21819760","2017-09-25","Ultrasound","Pregnant","","120","2018-03-13","","2017-10-11 16:56:44 -0500","2017-10-11 16:56:44 -0500"
"7536768","22741985","2017-09-25","Ultrasound","Pregnant","","110","2018-03-23","","2017-10-19 17:17:53 -0500","2017-10-19 17:17:53 -0500"
"7536771","21819892","2017-09-25","Ultrasound","Pregnant","","100","2018-04-02","","2017-10-19 17:18:49 -0500","2017-10-19 17:18:49 -0500"
"7536774","21818383","2017-09-25","Ultrasound","Pregnant","","110","2018-03-23","","2017-10-19 17:19:23 -0500","2017-10-19 17:19:23 -0500"
"7536777","19610922","2017-09-25","Ultrasound","Pregnant","","110","2018-03-19","","2017-10-19 17:20:18 -0500","2017-10-19 17:20:18 -0500"
"7536780","28060512","2017-09-25","Ultrasound","Pregnant","","120","2018-03-13","","2017-10-19 17:21:04 -0500","2017-10-19 17:21:04 -0500"
"7536783","30027822","2017-09-25","Ultrasound","Pregnant","","120","2018-03-09","","2017-10-19 17:21:59 -0500","2017-10-19 17:21:59 -0500"
"7536786","34442261","2017-09-25","Ultrasound","Pregnant","","120","2018-03-09","","2017-10-19 17:23:11 -0500","2017-10-19 17:23:11 -0500"
"7536789","24289304","2017-09-25","Ultrasound","Pregnant","","100","2018-03-29","","2017-10-19 17:23:45 -0500","2017-10-19 17:23:45 -0500"
"7536792","19610802","2017-09-25","Ultrasound","Pregnant","","70","2018-04-28","","2017-10-19 17:24:18 -0500","2017-10-19 17:24:18 -0500"
"7536795","27330220","2017-09-25","Ultrasound","Pregnant","","80","2018-04-18","","2017-10-19 17:24:50 -0500","2017-10-19 17:24:50 -0500"
"7536798","29359116","2017-09-25","Ultrasound","Pregnant","","100","2018-04-02","","2017-10-19 17:25:29 -0500","2017-10-19 17:25:29 -0500"
"7536801","29359122","2017-09-25","Ultrasound","Pregnant","","120","2018-03-13","","2017-10-19 17:27:52 -0500","2017-10-20 08:05:54 -0500"
"7536804","20493625","2017-09-25","Ultrasound","Pregnant","","100","2018-03-29","","2017-10-19 17:28:26 -0500","2017-10-19 17:28:26 -0500"
"7536807","32656242","2017-09-25","Ultrasound","Pregnant","","8","2017-11-06","","2017-10-19 17:29:10 -0500","2017-10-19 17:29:10 -0500"
"7536810","25656836","2017-09-25","Ultrasound","Pregnant","","110","2018-03-23","","2017-10-19 17:31:42 -0500","2017-10-19 17:31:42 -0500"
"7536813","27330190","2017-09-25","Ultrasound","Pregnant","","100","2018-03-29","","2017-10-19 17:32:12 -0500","2017-10-19 17:32:12 -0500"
"7536816","20486326","2017-09-25","Ultrasound","Pregnant","","120","2018-03-09","","2017-10-19 17:32:44 -0500","2017-10-19 17:32:44 -0500"
"7536819","19610760","2017-09-25","Ultrasound","Open","","","","","2017-10-19 17:33:31 -0500","2017-10-19 17:33:31 -0500"
"7536822","22020433","2017-09-25","Ultrasound","Open","","","","","2017-10-19 17:33:59 -0500","2017-10-19 17:33:59 -0500"
"7536825","32682957","2017-09-25","Ultrasound","Pregnant","","120","2018-03-09","","2017-10-19 17:34:28 -0500","2017-10-19 17:34:28 -0500"
"7536828","25382777","2017-09-25","Ultrasound","Pregnant","","120","2018-03-13","","2017-10-19 17:35:01 -0500","2017-10-19 17:35:01 -0500"
"7536831","24289271","2017-09-25","Ultrasound","Pregnant","","110","2018-03-23","","2017-10-19 17:38:28 -0500","2017-10-19 17:38:28 -0500"
"7536834","21818455","2017-09-25","Ultrasound","Open","","","","","2017-10-19 17:38:55 -0500","2017-10-19 17:38:55 -0500"
"7536837","19692253","2017-09-25","Ultrasound","Pregnant","","120","2018-03-09","","2017-10-19 17:39:52 -0500","2017-10-19 17:39:52 -0500"
"7536840","28060506","2017-09-25","Ultrasound","Pregnant","","110","2018-03-23","","2017-10-19 17:40:35 -0500","2017-10-19 17:40:35 -0500"
"7536843","22020535","2017-09-25","Ultrasound","Pregnant","","100","2018-03-29","","2017-10-19 17:41:17 -0500","2017-10-19 17:41:17 -0500"
"7537047","24513140","2017-09-25","Ultrasound","Pregnant","","110","2018-03-19","","2017-10-19 17:42:26 -0500","2017-10-19 17:42:26 -0500"
"7537050","20493601","2017-09-25","Ultrasound","Pregnant","","8","2017-11-06","","2017-10-19 17:42:59 -0500","2017-10-19 17:42:59 -0500"
"7537053","25315323","2017-09-25","Ultrasound","Open","","","","","2017-10-19 17:44:05 -0500","2017-10-19 17:44:05 -0500"
"7537056","32682984","2017-09-25","Ultrasound","Pregnant","","65","2018-05-03","","2017-10-19 17:44:41 -0500","2017-10-19 17:44:41 -0500"
"7537059","32610189","2017-09-25","Ultrasound","Pregnant","","140","2018-02-17","","2017-10-19 17:45:16 -0500","2017-10-19 17:45:16 -0500"
"7537062","27897372","2017-09-25","Ultrasound","Open","","","","","2017-10-19 17:45:39 -0500","2017-10-19 17:45:39 -0500"
"7537065","27330208","2017-09-25","Ultrasound","Pregnant","","70","2018-04-28","","2017-10-19 17:46:21 -0500","2017-10-19 17:46:21 -0500"
"7537068","27330187","2017-09-25","Ultrasound","Pregnant","","120","2018-03-09","","2017-10-19 17:47:08 -0500","2017-10-19 17:47:08 -0500"
"7537071","30901218","2017-09-25","Ultrasound","Pregnant","","120","2018-03-09","","2017-10-19 17:47:41 -0500","2017-10-19 17:47:41 -0500"
"7537074","20493847","2017-09-25","Ultrasound","Pregnant","","90","2018-04-08","","2017-10-19 17:48:26 -0500","2017-10-19 17:48:26 -0500"
"7537077","19727668","2017-09-25","Ultrasound","Pregnant","","120","2018-03-09","","2017-10-19 17:51:42 -0500","2017-10-19 17:51:42 -0500"
"7537080","21819781","2017-09-25","Ultrasound","Pregnant","","130","2018-03-03","","2017-10-19 17:52:33 -0500","2017-10-19 17:52:53 -0500"
"7537224","24138989","2017-09-25","Ultrasound","Pregnant","","100","2018-03-29","","2017-10-19 17:54:43 -0500","2017-10-19 17:54:43 -0500"
"7537227","27897378","2017-09-25","Ultrasound","Pregnant","","110","2018-03-19","","2017-10-19 17:55:17 -0500","2017-10-19 17:55:17 -0500"
"7537233","24513170","2017-09-25","Ultrasound","Open","","","","","2017-10-19 17:57:44 -0500","2017-10-19 17:57:44 -0500"
"7537236","27330229","2017-09-25","Ultrasound","Pregnant","","8","2017-11-06","","2017-10-19 17:59:00 -0500","2017-10-19 17:59:00 -0500"
"7537239","22741982","2017-09-25","Ultrasound","Pregnant","","8","2017-11-10","","2017-10-19 17:59:43 -0500","2017-10-19 17:59:43 -0500"
"7537242","19610898","2017-09-25","Ultrasound","Open","","","","","2017-10-19 18:00:04 -0500","2017-10-19 18:00:04 -0500"
"7537245","24253490","2017-09-25","Ultrasound","Pregnant","","120","2018-03-09","","2017-10-19 18:00:35 -0500","2017-10-19 18:00:35 -0500"
"7537248","22741808","2017-09-25","Ultrasound","Pregnant","","8","2017-11-10","","2017-10-19 18:01:03 -0500","2017-10-19 18:01:03 -0500"
"7537254","19610778","2017-09-25","Ultrasound","Pregnant","","110","2018-03-19","","2017-10-19 18:03:18 -0500","2017-10-19 18:03:18 -0500"
"7537257","22020559","2017-09-25","Ultrasound","Pregnant","","80","2018-04-18","","2017-10-19 18:03:59 -0500","2017-10-19 18:03:59 -0500"
"7537260","20456755","2017-09-25","Ultrasound","Pregnant","","120","2018-03-09","","2017-10-19 18:04:32 -0500","2017-10-19 18:04:32 -0500"
"7537263","29914143","2017-09-25","Ultrasound","Pregnant","","110","2018-03-19","","2017-10-19 18:05:05 -0500","2017-10-19 18:05:05 -0500"
"7537266","21819703","2017-09-25","Ultrasound","Pregnant","","110","2018-03-23","","2017-10-19 18:05:36 -0500","2017-10-19 18:05:36 -0500"
"7537269","25384562","2017-09-25","Ultrasound","Open","","","","","2017-10-19 18:06:01 -0500","2017-10-19 18:06:01 -0500"
"7537272","25873070","2017-09-25","Ultrasound","Pregnant","","100","2018-04-02","","2017-10-19 18:06:51 -0500","2017-10-19 18:06:51 -0500"
"7537275","22020568","2017-09-25","Ultrasound","Pregnant","","110","2018-03-19","","2017-10-19 18:07:29 -0500","2017-10-19 18:07:29 -0500"
"7537278","20493472","2017-09-25","Ultrasound","Pregnant","","120","2018-03-09","","2017-10-19 18:08:20 -0500","2017-10-19 18:08:20 -0500"
"7537281","27897363","2017-09-25","Ultrasound","Pregnant","","120","2018-03-09","","2017-10-19 18:08:47 -0500","2017-10-19 18:08:47 -0500"
"7537293","28341351","2017-09-25","Ultrasound","Pregnant","","110","2018-03-23","","2017-10-19 18:09:46 -0500","2017-10-19 18:09:46 -0500"
"7537296","22166194","2017-09-25","Ultrasound","Pregnant","","120","2018-03-09","","2017-10-19 18:11:21 -0500","2017-10-19 18:11:21 -0500"
"7537299","27897402","2017-09-25","Ultrasound","Open","","","","","2017-10-19 18:11:51 -0500","2017-10-19 18:11:51 -0500"
"7537302","19727674","2017-09-25","Ultrasound","Pregnant","","110","2018-03-19","","2017-10-19 18:12:22 -0500","2017-10-19 18:12:22 -0500"
"7537308","20629108","2017-09-25","Ultrasound","Pregnant","","120","2018-03-09","","2017-10-19 18:12:50 -0500","2017-10-19 18:12:50 -0500"
"7537311","27330223","2017-09-25","Ultrasound","Pregnant","","110","2018-03-19","","2017-10-19 18:13:14 -0500","2017-10-19 18:13:14 -0500"
"7537314","27897399","2017-09-25","Ultrasound","Pregnant","","85","2018-04-13","","2017-10-19 18:13:38 -0500","2017-10-19 18:13:38 -0500"
"7537317","19610796","2017-09-25","Ultrasound","Open","","","","","2017-10-19 18:14:06 -0500","2017-10-19 18:14:06 -0500"
"7537320","19610916","2017-09-25","Ultrasound","Pregnant","","120","2018-03-09","","2017-10-19 18:14:38 -0500","2017-10-19 18:14:38 -0500"
"7537323","25806287","2017-09-25","Ultrasound","Pregnant","","110","2018-03-19","","2017-10-19 18:15:01 -0500","2017-10-19 18:15:01 -0500"
"7537335","32610039","2017-09-25","Ultrasound","Pregnant","","130","2018-02-27","","2017-10-19 18:15:36 -0500","2017-10-19 18:15:36 -0500"
"7537338","30156999","2017-09-25","Ultrasound","Pregnant","","120","2018-03-09","","2017-10-19 18:16:25 -0500","2017-10-19 18:16:25 -0500"
"7537344","24289370","2017-09-25","Ultrasound","Open","","","","
","2017-10-19 18:18:21 -0500","2017-10-19 18:18:21 -0500"
"7537353","26031119","2017-09-25","Ultrasound","Pregnant","","90","2018-04-08","","2017-10-19 18:21:57 -0500","2017-10-19 18:21:57 -0500"
"7537356","19610808","2017-09-25","Ultrasound","Pregnant","","8","2017-11-06","","2017-10-19 18:22:25 -0500","2017-10-19 18:22:25 -0500"
"7537359","22603208","2017-09-25","Ultrasound","Pregnant","","120","2018-03-09","","2017-10-19 18:23:02 -0500","2017-10-19 18:23:02 -0500"
"7537365","27330214","2017-09-25","Ultrasound","Pregnant","","120","2018-03-09","","2017-10-19 18:26:18 -0500","2017-10-19 18:26:18 -0500"
"7537368","22047349","2017-09-25","Ultrasound","Pregnant","","80","2018-04-18","","2017-10-19 18:26:49 -0500","2017-10-19 18:26:49 -0500"
"7537374","22020445","2017-09-25","Ultrasound","Pregnant","","121","2018-03-08","","2017-10-19 18:27:20 -0500","2018-02-04 10:01:24 -0600"
"7537377","27330205","2017-09-25","Ultrasound","Open","","","","","2017-10-19 18:28:09 -0500","2017-10-19 18:28:09 -0500"
"7537380","27330199","2017-09-25","Ultrasound","Pregnant","","120","2018-03-09","","2017-10-19 18:28:35 -0500","2017-10-19 18:28:35 -0500"
"7537383","23907323","2017-09-25","Ultrasound","Pregnant","","90","2018-04-08","","2017-10-19 18:29:04 -0500","2017-10-19 18:29:04 -0500"
"7537395","25315314","2017-09-25","Ultrasound","Pregnant","","90","2018-04-12","","2017-10-19 18:31:38 -0500","2017-10-19 18:31:38 -0500"
"7537398","20493667","2017-09-25","Ultrasound","Pregnant","","8","2017-11-06","","2017-10-19 18:32:05 -0500","2017-10-19 18:32:05 -0500"
"7537401","24289379","2017-09-25","Ultrasound","Pregnant","","5","2018-02-04","","2017-10-19 18:32:38 -0500","2017-10-19 18:32:38 -0500"
"7537404","22741778","2017-09-25","Ultrasound","Open","","","","","2017-10-19 18:33:07 -0500","2017-10-19 18:33:07 -0500"
"7537407","30043767","2017-09-25","Ultrasound","Pregnant","","120","2018-03-09","","2017-10-19 18:33:34 -0500","2017-10-19 18:33:34 -0500"
"7537410","27897393","2017-09-25","Ultrasound","Pregnant","","90","2018-04-08","","2017-10-19 18:35:16 -0500","2017-10-19 18:35:16 -0500"
"7538649","23907311","2017-09-25","Ultrasound","Open","","","","","2017-10-20 08:00:24 -0500","2017-10-20 08:00:24 -0500"
"7538652","19610907","2017-09-25","Ultrasound","Pregnant","","90","2018-04-08","","2017-10-20 08:00:55 -0500","2017-10-20 08:00:55 -0500"
"7538655","28060482","2017-09-25","Ultrasound","Open","","","","","2017-10-20 08:01:26 -0500","2017-10-20 08:01:26 -0500"
"7538658","24299582","2017-09-25","Ultrasound","Pregnant","","90","2018-04-12","","2017-10-20 08:01:56 -0500","2017-10-20 08:01:56 -0500"
"7538661","24503801","2017-09-25","Ultrasound","Pregnant","","120","2018-03-13","","2017-10-20 08:02:34 -0500","2017-10-20 08:02:34 -0500"
"7538664","25578131","2017-09-25","Ultrasound","Pregnant","","100","2018-04-02","","2017-10-20 08:03:04 -0500","2017-10-20 08:03:04 -0500"
"7538667","24384251","2017-09-25","Ultrasound","Pregnant","","120","2018-03-13","","2017-10-20 08:03:32 -0500","2017-10-20 08:03:32 -0500"
"7538670","27330196","2017-09-25","Ultrasound","Pregnant","","8","2017-11-06","","2017-10-20 08:04:09 -0500","2017-10-20 08:04:09 -0500"
"7538673","28060509","2017-09-25","Ultrasound","Open","","","","","2017-10-20 08:04:39 -0500","2017-10-20 08:04:39 -0500"
"7538676","22741802","2017-09-25","Ultrasound","Pregnant","","120","2018-03-13","","2017-10-20 08:05:10 -0500","2017-10-20 08:05:10 -0500"
"7538679","28060500","2017-09-25","Ultrasound","Pregnant","","110","2018-03-23","","2017-10-20 08:06:49 -0500","2017-10-20 08:06:49 -0500"
"7538682","28060497","2017-09-25","Ultrasound","Open","","","","","2017-10-20 08:07:13 -0500","2017-10-20 08:07:13 -0500"
"7538685","28060479","2017-09-25","Ultrasound","Pregnant","","130","2018-03-03","","2017-10-20 08:07:40 -0500","2017-10-20 08:07:40 -0500"
"7538688","28060485","2017-09-25","Ultrasound","Pregnant","","110","2018-03-23","","2017-10-20 08:08:06 -0500","2017-10-20 08:08:06 -0500"
"7538691","22302638","2017-09-25","Ultrasound","Pregnant","","120","2018-03-09","","2017-10-20 08:08:46 -0500","2017-10-20 08:08:46 -0500"
"7538694","28060491","2017-09-25","Ultrasound","Pregnant","","150","2018-02-11","","2017-10-20 08:09:23 -0500","2017-10-20 08:09:23 -0500"
"7538697","28060488","2017-09-25","Ultrasound","Pregnant","","120","2018-03-13","","2017-10-20 08:09:46 -0500","2017-10-20 08:09:46 -0500"
"7538700","32609403","2017-09-25","Ultrasound","Pregnant","","120","2018-03-09","","2017-10-20 08:10:29 -0500","2017-10-20 08:10:29 -0500"
"7538703","28060503","2017-09-25","Ultrasound","Pregnant","","90","2018-04-12","","2017-10-20 08:10:58 -0500","2017-10-20 08:10:58 -0500"
"7538706","32609970","2017-09-25","Ultrasound","Pregnant","","6","2018-01-04","","2017-10-20 08:12:59 -0500","2017-10-20 08:12:59 -0500"
"7538709","32610084","2017-09-25","Ultrasound","Pregnant","","6","2018-01-04","","2017-10-20 08:15:11 -0500","2017-10-20 08:15:11 -0500"
"7538712","32610564","2017-09-25","Ultrasound","Open","","","","","2017-10-20 08:16:35 -0500","2017-10-20 08:16:35 -0500"
"7538715","32609421","2017-09-25","Ultrasound","Open","","","","","2017-10-20 08:17:22 -0500","2017-10-20 08:17:22 -0500"
"7538718","32609382","2017-09-25","Ultrasound","Pregnant","","6","2018-01-04","","2017-10-20 08:17:51 -0500","2017-10-20 08:17:51 -0500"
"7538721","32609334","2017-09-25","Ultrasound","Open","","","","","2017-10-20 08:18:24 -0500","2017-10-20 08:18:24 -0500"
"7538724","32609337","2017-09-25","Ultrasound","Pregnant","","6","2018-01-04","","2017-10-20 08:18:56 -0500","2017-10-20 08:18:56 -0500"
"7538727","32609406","2017-09-25","Ultrasound","Pregnant","","120","2018-03-09","","2017-10-20 08:21:25 -0500","2017-10-20 08:21:25 -0500"
"7538730","32607375","2017-09-25","Ultrasound","Open","","","","","2017-10-20 08:22:05 -0500","2017-10-20 08:22:05 -0500"
"7538733","24289328","2017-09-25","Ultrasound","Pregnant","","6","2018-01-04","","2017-10-20 08:23:09 -0500","2017-10-20 08:23:09 -0500"
"7538736","32609394","2017-09-25","Ultrasound","Pregnant","","3","2018-04-06","","2017-10-20 08:23:39 -0500","2017-10-20 08:23:39 -0500"
"7538739","32610279","2017-09-25","Ultrasound","Pregnant","","6","2018-01-04","","2017-10-20 08:25:38 -0500","2017-10-20 08:25:38 -0500"
"7538742","32610294","2017-09-25","Ultrasound","Pregnant","","6","2018-01-04","","2017-10-20 08:26:38 -0500","2017-10-20 08:26:38 -0500"
"7538745","32607117","2017-09-25","Ultrasound","Open","","","","","2017-10-20 08:27:06 -0500","2017-10-20 08:27:06 -0500"
"7538748","32610021","2017-09-25","Ultrasound","Open","","","","","2017-10-20 08:28:02 -0500","2017-10-20 08:28:02 -0500"
"7538751","24289367","2017-09-25","Ultrasound","Pregnant","","3","2018-04-06","","2017-10-20 08:28:40 -0500","2017-10-20 08:28:40 -0500"
"7538754","32609391","2017-09-25","Ultrasound","Open","","","","","2017-10-20 08:29:11 -0500","2017-10-20 08:29:11 -0500"
"7538757","24289355","2017-09-25","Ultrasound","Pregnant","","3","2018-04-06","","2017-10-20 08:29:39 -0500","2017-10-20 08:29:39 -0500"
"7538760","32610102","2017-09-25","Ultrasound","Open","","","","","2017-10-20 08:30:16 -0500","2017-10-20 08:30:16 -0500"
"7538763","24289394","2017-09-25","Ultrasound","Open","","","","","2017-10-20 08:31:02 -0500","2017-10-20 08:31:02 -0500"
"7538766","22047382","2017-09-25","Ultrasound","Pregnant","","6","2018-01-04","","2017-10-20 08:31:42 -0500","2017-10-20 08:31:42 -0500"
"7538787","32610069","2017-09-25","Ultrasound","Pregnant","","6","2018-01-04","","2017-10-20 08:34:55 -0500","2017-10-20 08:34:55 -0500"
"8383388","28341351","2018-03-11","Observation","Open","","","","CALF KILLED BY BUZZARDS
","2018-04-22 06:49:02 -0500","2018-04-22 06:49:02 -0500"
